<?xml version="1.0" encoding="UTF-8"?>

<!DOCTYPE mapper
  PUBLIC "-//mybatis.org//DTD Mapper 3.0//EN"
  "http://mybatis.org/dtd/mybatis-3-mapper.dtd">
  
  <mapper namespace="com.gam.mapper.EmployeeMapper">
  
  <resultMap type="com.gam.dto.EmployeeDTO"  id="empMap" >
		<result property="eNo" column="E_NO"/>
		<result property="eName" column="E_NAME"/>
		<result property="ePw" column="E_PW"/>
		<result property="eLevel" column="E_LEVEL"/>
		<result property="eLine" column="E_LINE"/>
		<result property="eProNo" column="E_PRO_NO"/>
	</resultMap>
	
	<select id="getAllEmpList"  resultMap="empMap">
		select * from employee_tb
	</select>
  
  </mapper>