--------------------------------------------------------
--  파일이 생성됨 - 화요일-4월-12-2022   
--------------------------------------------------------
--------------------------------------------------------
--  DDL for Table STORAGE_2_TB
--------------------------------------------------------

  CREATE TABLE "MES_1"."STORAGE_2_TB" 
   (	"ST_NO" VARCHAR2(20 BYTE), 
	"ST_NAME" VARCHAR2(100 BYTE), 
	"ST_NUMBER" NUMBER, 
	"ST_KIND" VARCHAR2(20 BYTE)
   ) SEGMENT CREATION IMMEDIATE 
  PCTFREE 10 PCTUSED 40 INITRANS 1 MAXTRANS 255 NOCOMPRESS LOGGING
  STORAGE(INITIAL 65536 NEXT 1048576 MINEXTENTS 1 MAXEXTENTS 2147483645
  PCTINCREASE 0 FREELISTS 1 FREELIST GROUPS 1 BUFFER_POOL DEFAULT FLASH_CACHE DEFAULT CELL_FLASH_CACHE DEFAULT)
  TABLESPACE "SYSTEM" ;
--------------------------------------------------------
--  DDL for Table PROCESS_2_TB
--------------------------------------------------------

  CREATE TABLE "MES_1"."PROCESS_2_TB" 
   (	"PRO_NO" VARCHAR2(30 BYTE), 
	"PRO_NAME" VARCHAR2(30 BYTE), 
	"PRO_DETAIL" VARCHAR2(300 BYTE)
   ) SEGMENT CREATION IMMEDIATE 
  PCTFREE 10 PCTUSED 40 INITRANS 1 MAXTRANS 255 NOCOMPRESS LOGGING
  STORAGE(INITIAL 65536 NEXT 1048576 MINEXTENTS 1 MAXEXTENTS 2147483645
  PCTINCREASE 0 FREELISTS 1 FREELIST GROUPS 1 BUFFER_POOL DEFAULT FLASH_CACHE DEFAULT CELL_FLASH_CACHE DEFAULT)
  TABLESPACE "SYSTEM" ;
--------------------------------------------------------
--  DDL for Table CU_COMPANY_TB
--------------------------------------------------------

  CREATE TABLE "MES_1"."CU_COMPANY_TB" 
   (	"CU_NO" VARCHAR2(15 BYTE), 
	"CU_NAME" VARCHAR2(30 BYTE), 
	"CU_CEO" VARCHAR2(15 BYTE), 
	"CU_TEL" VARCHAR2(15 BYTE), 
	"CU_FEX" VARCHAR2(15 BYTE), 
	"CU_ADDRESS" VARCHAR2(300 BYTE), 
	"CU_EM" VARCHAR2(15 BYTE), 
	"CU_EM_TEL" VARCHAR2(15 BYTE), 
	"CU_EMAIL" VARCHAR2(50 BYTE), 
	"CU_ETC" VARCHAR2(3000 BYTE)
   ) SEGMENT CREATION IMMEDIATE 
  PCTFREE 10 PCTUSED 40 INITRANS 1 MAXTRANS 255 NOCOMPRESS LOGGING
  STORAGE(INITIAL 65536 NEXT 1048576 MINEXTENTS 1 MAXEXTENTS 2147483645
  PCTINCREASE 0 FREELISTS 1 FREELIST GROUPS 1 BUFFER_POOL DEFAULT FLASH_CACHE DEFAULT CELL_FLASH_CACHE DEFAULT)
  TABLESPACE "SYSTEM" ;
--------------------------------------------------------
--  DDL for Table RECEIVE_TB
--------------------------------------------------------

  CREATE TABLE "MES_1"."RECEIVE_TB" 
   (	"RC_NO" NUMBER, 
	"RC_R_NO" NUMBER, 
	"RC_M_POSITION" VARCHAR2(20 BYTE), 
	"RC_E_NO" NUMBER, 
	"RC_COUNT" NUMBER, 
	"RC_DATE" DATE DEFAULT sysdate
   ) SEGMENT CREATION IMMEDIATE 
  PCTFREE 10 PCTUSED 40 INITRANS 1 MAXTRANS 255 NOCOMPRESS LOGGING
  STORAGE(INITIAL 65536 NEXT 1048576 MINEXTENTS 1 MAXEXTENTS 2147483645
  PCTINCREASE 0 FREELISTS 1 FREELIST GROUPS 1 BUFFER_POOL DEFAULT FLASH_CACHE DEFAULT CELL_FLASH_CACHE DEFAULT)
  TABLESPACE "SYSTEM" ;
--------------------------------------------------------
--  DDL for Table FORWARD_TB
--------------------------------------------------------

  CREATE TABLE "MES_1"."FORWARD_TB" 
   (	"F_NO" NUMBER, 
	"F_O_NO" NUMBER, 
	"F_COUNT" NUMBER, 
	"F_DATE" DATE DEFAULT sysdate, 
	"F_STATE" VARCHAR2(30 BYTE)
   ) SEGMENT CREATION IMMEDIATE 
  PCTFREE 10 PCTUSED 40 INITRANS 1 MAXTRANS 255 NOCOMPRESS LOGGING
  STORAGE(INITIAL 65536 NEXT 1048576 MINEXTENTS 1 MAXEXTENTS 2147483645
  PCTINCREASE 0 FREELISTS 1 FREELIST GROUPS 1 BUFFER_POOL DEFAULT FLASH_CACHE DEFAULT CELL_FLASH_CACHE DEFAULT)
  TABLESPACE "SYSTEM" ;
--------------------------------------------------------
--  DDL for Table REQUEST_DETAIL_TB
--------------------------------------------------------

  CREATE TABLE "MES_1"."REQUEST_DETAIL_TB" 
   (	"R_DE_NO" NUMBER, 
	"R_DE_M_NO" VARCHAR2(30 BYTE), 
	"R_DE_COUNT" NUMBER, 
	"R_DE_PRICE" NUMBER
   ) SEGMENT CREATION IMMEDIATE 
  PCTFREE 10 PCTUSED 40 INITRANS 1 MAXTRANS 255 NOCOMPRESS LOGGING
  STORAGE(INITIAL 65536 NEXT 1048576 MINEXTENTS 1 MAXEXTENTS 2147483645
  PCTINCREASE 0 FREELISTS 1 FREELIST GROUPS 1 BUFFER_POOL DEFAULT FLASH_CACHE DEFAULT CELL_FLASH_CACHE DEFAULT)
  TABLESPACE "SYSTEM" ;
--------------------------------------------------------
--  DDL for Table RECIPE_2_TB
--------------------------------------------------------

  CREATE TABLE "MES_1"."RECIPE_2_TB" 
   (	"RE_NO" VARCHAR2(30 BYTE), 
	"RE_PRO_1" VARCHAR2(30 BYTE), 
	"RE_PRO_2" VARCHAR2(30 BYTE), 
	"RE_PRO_3" VARCHAR2(30 BYTE), 
	"RE_PRO_4" VARCHAR2(30 BYTE), 
	"RE_P_NO" VARCHAR2(30 BYTE), 
	"RE_M_NUMBER" NUMBER, 
	"RE_M_NO" VARCHAR2(30 BYTE), 
	"RE_M_NO_2" VARCHAR2(30 BYTE)
   ) SEGMENT CREATION IMMEDIATE 
  PCTFREE 10 PCTUSED 40 INITRANS 1 MAXTRANS 255 NOCOMPRESS LOGGING
  STORAGE(INITIAL 65536 NEXT 1048576 MINEXTENTS 1 MAXEXTENTS 2147483645
  PCTINCREASE 0 FREELISTS 1 FREELIST GROUPS 1 BUFFER_POOL DEFAULT FLASH_CACHE DEFAULT CELL_FLASH_CACHE DEFAULT)
  TABLESPACE "SYSTEM" ;
--------------------------------------------------------
--  DDL for Table PRODUCT_TB
--------------------------------------------------------

  CREATE TABLE "MES_1"."PRODUCT_TB" 
   (	"P_NO" VARCHAR2(30 BYTE), 
	"P_NAME" VARCHAR2(100 BYTE), 
	"P_SIZE" VARCHAR2(30 BYTE), 
	"P_PRICE" NUMBER, 
	"P_COUNT" VARCHAR2(20 BYTE), 
	"P_DATE" VARCHAR2(20 BYTE)
   ) SEGMENT CREATION IMMEDIATE 
  PCTFREE 10 PCTUSED 40 INITRANS 1 MAXTRANS 255 NOCOMPRESS LOGGING
  STORAGE(INITIAL 65536 NEXT 1048576 MINEXTENTS 1 MAXEXTENTS 2147483645
  PCTINCREASE 0 FREELISTS 1 FREELIST GROUPS 1 BUFFER_POOL DEFAULT FLASH_CACHE DEFAULT CELL_FLASH_CACHE DEFAULT)
  TABLESPACE "SYSTEM" ;
--------------------------------------------------------
--  DDL for Table ORDER_DETAIL_TB
--------------------------------------------------------

  CREATE TABLE "MES_1"."ORDER_DETAIL_TB" 
   (	"O_DE_NO" NUMBER, 
	"O_DE_P_NO" VARCHAR2(30 BYTE), 
	"O_DE_COUNT" NUMBER
   ) SEGMENT CREATION IMMEDIATE 
  PCTFREE 10 PCTUSED 40 INITRANS 1 MAXTRANS 255 NOCOMPRESS LOGGING
  STORAGE(INITIAL 65536 NEXT 1048576 MINEXTENTS 1 MAXEXTENTS 2147483645
  PCTINCREASE 0 FREELISTS 1 FREELIST GROUPS 1 BUFFER_POOL DEFAULT FLASH_CACHE DEFAULT CELL_FLASH_CACHE DEFAULT)
  TABLESPACE "SYSTEM" ;
--------------------------------------------------------
--  DDL for Table COMMEND_TB
--------------------------------------------------------

  CREATE TABLE "MES_1"."COMMEND_TB" 
   (	"C_NO" NUMBER(5,0), 
	"C_O_NO" NUMBER(5,0), 
	"C_START_DATE" DATE, 
	"C_END_DATE" DATE, 
	"C_STATUS" VARCHAR2(15 BYTE), 
	"C_E_NO" NUMBER, 
	"C_LINE_NO" VARCHAR2(30 BYTE)
   ) SEGMENT CREATION IMMEDIATE 
  PCTFREE 10 PCTUSED 40 INITRANS 1 MAXTRANS 255 NOCOMPRESS LOGGING
  STORAGE(INITIAL 65536 NEXT 1048576 MINEXTENTS 1 MAXEXTENTS 2147483645
  PCTINCREASE 0 FREELISTS 1 FREELIST GROUPS 1 BUFFER_POOL DEFAULT FLASH_CACHE DEFAULT CELL_FLASH_CACHE DEFAULT)
  TABLESPACE "SYSTEM" ;
--------------------------------------------------------
--  DDL for Table CO_COMPANY_TB
--------------------------------------------------------

  CREATE TABLE "MES_1"."CO_COMPANY_TB" 
   (	"CO_NO" VARCHAR2(15 BYTE), 
	"CO_NAME" VARCHAR2(30 BYTE), 
	"CO_CEO" VARCHAR2(15 BYTE), 
	"CO_TEL" VARCHAR2(15 BYTE), 
	"CO_FEX" VARCHAR2(15 BYTE), 
	"CO_ADDRESS" VARCHAR2(300 BYTE), 
	"CO_EM" VARCHAR2(15 BYTE), 
	"CO_EM_TEL" VARCHAR2(15 BYTE), 
	"CO_EMAIL" VARCHAR2(50 BYTE), 
	"CO_ETC" VARCHAR2(3000 BYTE)
   ) SEGMENT CREATION IMMEDIATE 
  PCTFREE 10 PCTUSED 40 INITRANS 1 MAXTRANS 255 NOCOMPRESS LOGGING
  STORAGE(INITIAL 65536 NEXT 1048576 MINEXTENTS 1 MAXEXTENTS 2147483645
  PCTINCREASE 0 FREELISTS 1 FREELIST GROUPS 1 BUFFER_POOL DEFAULT FLASH_CACHE DEFAULT CELL_FLASH_CACHE DEFAULT)
  TABLESPACE "SYSTEM" ;
--------------------------------------------------------
--  DDL for Table MY_COMPANY_TB
--------------------------------------------------------

  CREATE TABLE "MES_1"."MY_COMPANY_TB" 
   (	"MC_NAME" VARCHAR2(50 BYTE), 
	"MC_CEO" VARCHAR2(30 BYTE), 
	"MC_TEL" VARCHAR2(20 BYTE), 
	"MC_FAX" VARCHAR2(20 BYTE), 
	"MC_EM" VARCHAR2(30 BYTE), 
	"MC_EM_TEL" VARCHAR2(50 BYTE), 
	"MC_EMAIL" VARCHAR2(100 BYTE), 
	"MC_ADDRESS" VARCHAR2(300 BYTE), 
	"MC_BANK" VARCHAR2(30 BYTE), 
	"MC_BANK_NUM" VARCHAR2(50 BYTE), 
	"MC_BANK_NAME" VARCHAR2(50 BYTE), 
	"MC_NO" VARCHAR2(50 BYTE)
   ) SEGMENT CREATION IMMEDIATE 
  PCTFREE 10 PCTUSED 40 INITRANS 1 MAXTRANS 255 NOCOMPRESS LOGGING
  STORAGE(INITIAL 65536 NEXT 1048576 MINEXTENTS 1 MAXEXTENTS 2147483645
  PCTINCREASE 0 FREELISTS 1 FREELIST GROUPS 1 BUFFER_POOL DEFAULT FLASH_CACHE DEFAULT CELL_FLASH_CACHE DEFAULT)
  TABLESPACE "SYSTEM" ;
--------------------------------------------------------
--  DDL for Table STORAGE_TB
--------------------------------------------------------

  CREATE TABLE "MES_1"."STORAGE_TB" 
   (	"ST_NO" VARCHAR2(20 BYTE), 
	"ST_NAME" VARCHAR2(100 BYTE), 
	"ST_NUMBER" NUMBER, 
	"ST_KIND" VARCHAR2(20 BYTE)
   ) SEGMENT CREATION IMMEDIATE 
  PCTFREE 10 PCTUSED 40 INITRANS 1 MAXTRANS 255 NOCOMPRESS LOGGING
  STORAGE(INITIAL 65536 NEXT 1048576 MINEXTENTS 1 MAXEXTENTS 2147483645
  PCTINCREASE 0 FREELISTS 1 FREELIST GROUPS 1 BUFFER_POOL DEFAULT FLASH_CACHE DEFAULT CELL_FLASH_CACHE DEFAULT)
  TABLESPACE "SYSTEM" ;
--------------------------------------------------------
--  DDL for Table EMPLOYEE_TB
--------------------------------------------------------

  CREATE TABLE "MES_1"."EMPLOYEE_TB" 
   (	"E_NO" NUMBER, 
	"E_NAME" VARCHAR2(30 BYTE), 
	"E_PW" VARCHAR2(30 BYTE), 
	"E_LEVEL" VARCHAR2(10 BYTE), 
	"E_LINE" VARCHAR2(10 BYTE), 
	"E_PRO_NO" VARCHAR2(10 BYTE)
   ) SEGMENT CREATION IMMEDIATE 
  PCTFREE 10 PCTUSED 40 INITRANS 1 MAXTRANS 255 NOCOMPRESS LOGGING
  STORAGE(INITIAL 65536 NEXT 1048576 MINEXTENTS 1 MAXEXTENTS 2147483645
  PCTINCREASE 0 FREELISTS 1 FREELIST GROUPS 1 BUFFER_POOL DEFAULT FLASH_CACHE DEFAULT CELL_FLASH_CACHE DEFAULT)
  TABLESPACE "SYSTEM" ;
--------------------------------------------------------
--  DDL for Table REQUEST_TB
--------------------------------------------------------

  CREATE TABLE "MES_1"."REQUEST_TB" 
   (	"R_NO" NUMBER(*,0), 
	"R_CO_NO" VARCHAR2(15 BYTE), 
	"R_WRITE_DATE" DATE, 
	"R_END_DATE" DATE, 
	"R_E_NO" NUMBER
   ) SEGMENT CREATION IMMEDIATE 
  PCTFREE 10 PCTUSED 40 INITRANS 1 MAXTRANS 255 NOCOMPRESS LOGGING
  STORAGE(INITIAL 65536 NEXT 1048576 MINEXTENTS 1 MAXEXTENTS 2147483645
  PCTINCREASE 0 FREELISTS 1 FREELIST GROUPS 1 BUFFER_POOL DEFAULT FLASH_CACHE DEFAULT CELL_FLASH_CACHE DEFAULT)
  TABLESPACE "SYSTEM" ;
--------------------------------------------------------
--  DDL for Table METERIAL_TB
--------------------------------------------------------

  CREATE TABLE "MES_1"."METERIAL_TB" 
   (	"M_NO" VARCHAR2(30 BYTE), 
	"M_CC_CODE" VARCHAR2(30 BYTE), 
	"M_NAME" VARCHAR2(100 BYTE), 
	"M_SIZE" VARCHAR2(30 BYTE), 
	"M_PRICE" NUMBER(10,0), 
	"M_COUNTRY" VARCHAR2(30 BYTE), 
	"M_COUNT" VARCHAR2(10 BYTE), 
	"M_DATE" VARCHAR2(10 BYTE)
   ) SEGMENT CREATION IMMEDIATE 
  PCTFREE 10 PCTUSED 40 INITRANS 1 MAXTRANS 255 NOCOMPRESS LOGGING
  STORAGE(INITIAL 65536 NEXT 1048576 MINEXTENTS 1 MAXEXTENTS 2147483645
  PCTINCREASE 0 FREELISTS 1 FREELIST GROUPS 1 BUFFER_POOL DEFAULT FLASH_CACHE DEFAULT CELL_FLASH_CACHE DEFAULT)
  TABLESPACE "SYSTEM" ;
--------------------------------------------------------
--  DDL for Table ORDER_TB
--------------------------------------------------------

  CREATE TABLE "MES_1"."ORDER_TB" 
   (	"O_NO" NUMBER(5,0), 
	"O_CU_NO" VARCHAR2(15 BYTE), 
	"O_SEND_ADDRESS" VARCHAR2(300 BYTE), 
	"O_WRITE_DATE" DATE DEFAULT SYSDATE, 
	"O_END_DATE" DATE
   ) SEGMENT CREATION IMMEDIATE 
  PCTFREE 10 PCTUSED 40 INITRANS 1 MAXTRANS 255 NOCOMPRESS LOGGING
  STORAGE(INITIAL 65536 NEXT 1048576 MINEXTENTS 1 MAXEXTENTS 2147483645
  PCTINCREASE 0 FREELISTS 1 FREELIST GROUPS 1 BUFFER_POOL DEFAULT FLASH_CACHE DEFAULT CELL_FLASH_CACHE DEFAULT)
  TABLESPACE "SYSTEM" ;
--------------------------------------------------------
--  DDL for Table MAKE_LOG
--------------------------------------------------------

  CREATE TABLE "MES_1"."MAKE_LOG" 
   (	"ML_NO" NUMBER, 
	"ML_C_NO" NUMBER, 
	"ML_M_NO" VARCHAR2(30 BYTE), 
	"ML_LINE" NUMBER, 
	"ML_E_NO" NUMBER, 
	"ML_DATE" DATE DEFAULT sysdate, 
	"ML_GOAL" NUMBER, 
	"ML_CREATE" NUMBER, 
	"ML_NO_CREATE" NUMBER, 
	"ML_ALL_NUMBER" NUMBER, 
	"ML_COMMENT" VARCHAR2(300 BYTE), 
	"ML_PRO_NO" VARCHAR2(30 BYTE)
   ) SEGMENT CREATION IMMEDIATE 
  PCTFREE 10 PCTUSED 40 INITRANS 1 MAXTRANS 255 NOCOMPRESS LOGGING
  STORAGE(INITIAL 65536 NEXT 1048576 MINEXTENTS 1 MAXEXTENTS 2147483645
  PCTINCREASE 0 FREELISTS 1 FREELIST GROUPS 1 BUFFER_POOL DEFAULT FLASH_CACHE DEFAULT CELL_FLASH_CACHE DEFAULT)
  TABLESPACE "SYSTEM" ;
REM INSERTING into MES_1.STORAGE_2_TB
SET DEFINE OFF;
Insert into MES_1.STORAGE_2_TB (ST_NO,ST_NAME,ST_NUMBER,ST_KIND) values ('H','O-BOX10',10,'완제품');
Insert into MES_1.STORAGE_2_TB (ST_NO,ST_NAME,ST_NUMBER,ST_KIND) values ('I','O-BOX20',0,'완제품');
Insert into MES_1.STORAGE_2_TB (ST_NO,ST_NAME,ST_NUMBER,ST_KIND) values ('J','O-BOX30',10,'완제품');
Insert into MES_1.STORAGE_2_TB (ST_NO,ST_NAME,ST_NUMBER,ST_KIND) values ('K','O-20',10,'완제품');
Insert into MES_1.STORAGE_2_TB (ST_NO,ST_NAME,ST_NUMBER,ST_KIND) values ('L','D-BOX10',10,'완제품');
Insert into MES_1.STORAGE_2_TB (ST_NO,ST_NAME,ST_NUMBER,ST_KIND) values ('M','D-BOX20',10,'완제품');
Insert into MES_1.STORAGE_2_TB (ST_NO,ST_NAME,ST_NUMBER,ST_KIND) values ('N','D-BOX30',10,'완제품');
Insert into MES_1.STORAGE_2_TB (ST_NO,ST_NAME,ST_NUMBER,ST_KIND) values ('O','D-20',10,'완제품');
Insert into MES_1.STORAGE_2_TB (ST_NO,ST_NAME,ST_NUMBER,ST_KIND) values ('P','H-BOX10',10,'완제품');
Insert into MES_1.STORAGE_2_TB (ST_NO,ST_NAME,ST_NUMBER,ST_KIND) values ('Q','H-BOX20',10,'완제품');
Insert into MES_1.STORAGE_2_TB (ST_NO,ST_NAME,ST_NUMBER,ST_KIND) values ('R','H-BOX30',10,'완제품');
Insert into MES_1.STORAGE_2_TB (ST_NO,ST_NAME,ST_NUMBER,ST_KIND) values ('S','H-20',10,'완제품');
REM INSERTING into MES_1.PROCESS_2_TB
SET DEFINE OFF;
Insert into MES_1.PROCESS_2_TB (PRO_NO,PRO_NAME,PRO_DETAIL) values ('FIND','선별검사','공정 투입전 원자재 샘플링 검사를 한다.');
Insert into MES_1.PROCESS_2_TB (PRO_NO,PRO_NAME,PRO_DETAIL) values ('WASH','세척','선별검사를 통과한 제품을 세척한다.');
Insert into MES_1.PROCESS_2_TB (PRO_NO,PRO_NAME,PRO_DETAIL) values ('DRY','건조','세척한 제품을 건조기에서 14일간 건조한다.');
Insert into MES_1.PROCESS_2_TB (PRO_NO,PRO_NAME,PRO_DETAIL) values ('10B-OUT','10구 박스 포장','잘 말려진 감을 10구 명품 박스에 포장한다.');
Insert into MES_1.PROCESS_2_TB (PRO_NO,PRO_NAME,PRO_DETAIL) values ('20B-OUT','20구 박스 포장','잘 말려진 감을 20구 명품 박스에 포장한다.');
Insert into MES_1.PROCESS_2_TB (PRO_NO,PRO_NAME,PRO_DETAIL) values ('20N-OUT','20개 봉지 포장','잘 말려진 감 중 저품질의 감을 봉지에 포장한다.');
Insert into MES_1.PROCESS_2_TB (PRO_NO,PRO_NAME,PRO_DETAIL) values ('30B-OUT','30개 박스 포장','잘 말려진 감을 30구 명품 박스에 포장한다.');
REM INSERTING into MES_1.CU_COMPANY_TB
SET DEFINE OFF;
Insert into MES_1.CU_COMPANY_TB (CU_NO,CU_NAME,CU_CEO,CU_TEL,CU_FEX,CU_ADDRESS,CU_EM,CU_EM_TEL,CU_EMAIL,CU_ETC) values ('182-45-78290','(주)금방감','봉다겸','02-6277-6238','02-6276-6111','서울특별시 구로구 부일로9길 36/','이예지','010-8469-7179','rfeighry0@google.es',null);
Insert into MES_1.CU_COMPANY_TB (CU_NO,CU_NAME,CU_CEO,CU_TEL,CU_FEX,CU_ADDRESS,CU_EM,CU_EM_TEL,CU_EMAIL,CU_ETC) values ('103-70-56914','㈜호딱감','남상규','033-7098-1291','033-7099-1291','강원도 속초시 설악산로4번길/','남하얀','010-3164-3087','gdoerr1@google.nl',null);
Insert into MES_1.CU_COMPANY_TB (CU_NO,CU_NAME,CU_CEO,CU_TEL,CU_FEX,CU_ADDRESS,CU_EM,CU_EM_TEL,CU_EMAIL,CU_ETC) values ('110-92-11997','㈜냉큼감','정용훈','031-5909-1212','031-5909-1123','경기도 김포시 마곡로72번길 8/2층','장주영','010-5790-3687','aforrestall2@deliciousdays.com','냉큼가자구~');
Insert into MES_1.CU_COMPANY_TB (CU_NO,CU_NAME,CU_CEO,CU_TEL,CU_FEX,CU_ADDRESS,CU_EM,CU_EM_TEL,CU_EMAIL,CU_ETC) values ('161-18-47388','천지인농산물','안준희','02-8799-2962','02-8800-2962','서울특별시 서초구 방배로16길/','허원재','010-7038-6191','jmasterman3@liveinternet.ru',null);
Insert into MES_1.CU_COMPANY_TB (CU_NO,CU_NAME,CU_CEO,CU_TEL,CU_FEX,CU_ADDRESS,CU_EM,CU_EM_TEL,CU_EMAIL,CU_ETC) values ('124-76-19323','(주)명가일품','하도훈','02-3437-4007','02-3437-4008','서울특별시 노원구 월계로45가길/','김남호','010-9911-3123','mglennon4@cnet.com',null);
Insert into MES_1.CU_COMPANY_TB (CU_NO,CU_NAME,CU_CEO,CU_TEL,CU_FEX,CU_ADDRESS,CU_EM,CU_EM_TEL,CU_EMAIL,CU_ETC) values ('108-62-32315','상주감도가','예영현','02-5039-5886','02-5000-5888','서울특별시 송파구 토성로17길/','신무영','010-5226-5501','kbelin5@gmpg.org',null);
Insert into MES_1.CU_COMPANY_TB (CU_NO,CU_NAME,CU_CEO,CU_TEL,CU_FEX,CU_ADDRESS,CU_EM,CU_EM_TEL,CU_EMAIL,CU_ETC) values ('115-68-69497','창천농원','박해일','032-6029-4907','032-6030-4900','인천광역시 남동구 도림로49번길/','송웅','010-5795-1056','hclemendet6@mit.edu',null);
Insert into MES_1.CU_COMPANY_TB (CU_NO,CU_NAME,CU_CEO,CU_TEL,CU_FEX,CU_ADDRESS,CU_EM,CU_EM_TEL,CU_EMAIL,CU_ETC) values ('106-84-50701','청도골드곶감','박샘','02-2817-2031','02-2810-2000','서울특별시 종로구 사직로1나길 17/','김이수','010-1998-2901','sreinhart7@163.com',null);
Insert into MES_1.CU_COMPANY_TB (CU_NO,CU_NAME,CU_CEO,CU_TEL,CU_FEX,CU_ADDRESS,CU_EM,CU_EM_TEL,CU_EMAIL,CU_ETC) values ('179-20-48895','(주)몽블랑곶감','윤혁준','063-3691-5332','063-3700-5332','전라북도 군산시 상신 6길/26-5','양가람','010-7833-5375','aferie8@mapquest.com',null);
Insert into MES_1.CU_COMPANY_TB (CU_NO,CU_NAME,CU_CEO,CU_TEL,CU_FEX,CU_ADDRESS,CU_EM,CU_EM_TEL,CU_EMAIL,CU_ETC) values ('117-28-41657','늘푸른곶감','손자경','02-9430-5672','02-9430-5670','서울특별시 서대문구 홍제내2길/2층 205호','백미래','010-2362-3226','jstranio9@alibaba.com',null);
Insert into MES_1.CU_COMPANY_TB (CU_NO,CU_NAME,CU_CEO,CU_TEL,CU_FEX,CU_ADDRESS,CU_EM,CU_EM_TEL,CU_EMAIL,CU_ETC) values ('asdf','1234','1234','123-4577-7186','123-1234-1234','fse/sfd','sdf','123-1234-1234','12341234@daum.net','sdfaaaaa');
Insert into MES_1.CU_COMPANY_TB (CU_NO,CU_NAME,CU_CEO,CU_TEL,CU_FEX,CU_ADDRESS,CU_EM,CU_EM_TEL,CU_EMAIL,CU_ETC) values ('103-45-6789','흰나무','다라마','02-1234-1234','032-123-4567','전라북도 군산시 상신 6길/26-5','마라다','010-1234-5678','abcd@google.com',null);
REM INSERTING into MES_1.RECEIVE_TB
SET DEFINE OFF;
Insert into MES_1.RECEIVE_TB (RC_NO,RC_R_NO,RC_M_POSITION,RC_E_NO,RC_COUNT,RC_DATE) values (1,7,'A',2021090645,100,to_date('2022-03-15','YYYY-MM-DD'));
Insert into MES_1.RECEIVE_TB (RC_NO,RC_R_NO,RC_M_POSITION,RC_E_NO,RC_COUNT,RC_DATE) values (2,6,'C',2011013122,100,to_date('2022-03-22','YYYY-MM-DD'));
Insert into MES_1.RECEIVE_TB (RC_NO,RC_R_NO,RC_M_POSITION,RC_E_NO,RC_COUNT,RC_DATE) values (3,4,'E',2021050366,50,to_date('2022-02-25','YYYY-MM-DD'));
Insert into MES_1.RECEIVE_TB (RC_NO,RC_R_NO,RC_M_POSITION,RC_E_NO,RC_COUNT,RC_DATE) values (4,9,'B',2021050366,100,to_date('2022-03-15','YYYY-MM-DD'));
Insert into MES_1.RECEIVE_TB (RC_NO,RC_R_NO,RC_M_POSITION,RC_E_NO,RC_COUNT,RC_DATE) values (5,4,'E',2021001088,50,to_date('2022-02-28','YYYY-MM-DD'));
Insert into MES_1.RECEIVE_TB (RC_NO,RC_R_NO,RC_M_POSITION,RC_E_NO,RC_COUNT,RC_DATE) values (6,3,'B',2019100957,100,to_date('2022-03-15','YYYY-MM-DD'));
Insert into MES_1.RECEIVE_TB (RC_NO,RC_R_NO,RC_M_POSITION,RC_E_NO,RC_COUNT,RC_DATE) values (7,8,'A',2021001088,100,to_date('2022-03-19','YYYY-MM-DD'));
Insert into MES_1.RECEIVE_TB (RC_NO,RC_R_NO,RC_M_POSITION,RC_E_NO,RC_COUNT,RC_DATE) values (8,8,'A',2016032532,200,to_date('2022-03-24','YYYY-MM-DD'));
Insert into MES_1.RECEIVE_TB (RC_NO,RC_R_NO,RC_M_POSITION,RC_E_NO,RC_COUNT,RC_DATE) values (9,10,'D',2021001088,200,to_date('2022-03-15','YYYY-MM-DD'));
Insert into MES_1.RECEIVE_TB (RC_NO,RC_R_NO,RC_M_POSITION,RC_E_NO,RC_COUNT,RC_DATE) values (10,5,'C',2011013122,100,to_date('2022-03-14','YYYY-MM-DD'));
REM INSERTING into MES_1.FORWARD_TB
SET DEFINE OFF;
Insert into MES_1.FORWARD_TB (F_NO,F_O_NO,F_COUNT,F_DATE,F_STATE) values (1,1,20,to_date('2022-03-08','YYYY-MM-DD'),null);
Insert into MES_1.FORWARD_TB (F_NO,F_O_NO,F_COUNT,F_DATE,F_STATE) values (2,7,20,to_date('2022-03-19','YYYY-MM-DD'),null);
Insert into MES_1.FORWARD_TB (F_NO,F_O_NO,F_COUNT,F_DATE,F_STATE) values (3,8,30,to_date('2022-03-16','YYYY-MM-DD'),null);
Insert into MES_1.FORWARD_TB (F_NO,F_O_NO,F_COUNT,F_DATE,F_STATE) values (4,10,40,to_date('2022-03-18','YYYY-MM-DD'),null);
Insert into MES_1.FORWARD_TB (F_NO,F_O_NO,F_COUNT,F_DATE,F_STATE) values (5,13,50,to_date('2022-03-09','YYYY-MM-DD'),null);
Insert into MES_1.FORWARD_TB (F_NO,F_O_NO,F_COUNT,F_DATE,F_STATE) values (6,15,20,to_date('2022-03-08','YYYY-MM-DD'),null);
Insert into MES_1.FORWARD_TB (F_NO,F_O_NO,F_COUNT,F_DATE,F_STATE) values (7,5,50,to_date('2022-03-05','YYYY-MM-DD'),null);
Insert into MES_1.FORWARD_TB (F_NO,F_O_NO,F_COUNT,F_DATE,F_STATE) values (8,4,10,to_date('2022-03-11','YYYY-MM-DD'),null);
Insert into MES_1.FORWARD_TB (F_NO,F_O_NO,F_COUNT,F_DATE,F_STATE) values (9,2,10,to_date('2022-03-21','YYYY-MM-DD'),null);
Insert into MES_1.FORWARD_TB (F_NO,F_O_NO,F_COUNT,F_DATE,F_STATE) values (10,3,50,to_date('2022-03-31','YYYY-MM-DD'),null);
REM INSERTING into MES_1.REQUEST_DETAIL_TB
SET DEFINE OFF;
Insert into MES_1.REQUEST_DETAIL_TB (R_DE_NO,R_DE_M_NO,R_DE_COUNT,R_DE_PRICE) values (1,'P04',300,40);
Insert into MES_1.REQUEST_DETAIL_TB (R_DE_NO,R_DE_M_NO,R_DE_COUNT,R_DE_PRICE) values (2,'G03',100,2000);
Insert into MES_1.REQUEST_DETAIL_TB (R_DE_NO,R_DE_M_NO,R_DE_COUNT,R_DE_PRICE) values (3,'G02',200,1500);
Insert into MES_1.REQUEST_DETAIL_TB (R_DE_NO,R_DE_M_NO,R_DE_COUNT,R_DE_PRICE) values (4,'P02',100,10);
Insert into MES_1.REQUEST_DETAIL_TB (R_DE_NO,R_DE_M_NO,R_DE_COUNT,R_DE_PRICE) values (5,'G03',100,2000);
Insert into MES_1.REQUEST_DETAIL_TB (R_DE_NO,R_DE_M_NO,R_DE_COUNT,R_DE_PRICE) values (6,'G03',100,2000);
Insert into MES_1.REQUEST_DETAIL_TB (R_DE_NO,R_DE_M_NO,R_DE_COUNT,R_DE_PRICE) values (7,'G01',100,1400);
Insert into MES_1.REQUEST_DETAIL_TB (R_DE_NO,R_DE_M_NO,R_DE_COUNT,R_DE_PRICE) values (8,'G01',300,1400);
Insert into MES_1.REQUEST_DETAIL_TB (R_DE_NO,R_DE_M_NO,R_DE_COUNT,R_DE_PRICE) values (9,'G02',100,1500);
Insert into MES_1.REQUEST_DETAIL_TB (R_DE_NO,R_DE_M_NO,R_DE_COUNT,R_DE_PRICE) values (10,'P01',200,50);
Insert into MES_1.REQUEST_DETAIL_TB (R_DE_NO,R_DE_M_NO,R_DE_COUNT,R_DE_PRICE) values (11,'G02',200,1500);
Insert into MES_1.REQUEST_DETAIL_TB (R_DE_NO,R_DE_M_NO,R_DE_COUNT,R_DE_PRICE) values (17,'P02',3000,10);
REM INSERTING into MES_1.RECIPE_2_TB
SET DEFINE OFF;
Insert into MES_1.RECIPE_2_TB (RE_NO,RE_PRO_1,RE_PRO_2,RE_PRO_3,RE_PRO_4,RE_P_NO,RE_M_NUMBER,RE_M_NO,RE_M_NO_2) values ('O-10-BOX','FIND','WASH','DRY','10B-OUT','O-BOX10',11,'G01','P02');
Insert into MES_1.RECIPE_2_TB (RE_NO,RE_PRO_1,RE_PRO_2,RE_PRO_3,RE_PRO_4,RE_P_NO,RE_M_NUMBER,RE_M_NO,RE_M_NO_2) values ('O-20-BOX','FIND','WASH','DRY','20B-OUT','O-BOX20',21,'G01','P03');
Insert into MES_1.RECIPE_2_TB (RE_NO,RE_PRO_1,RE_PRO_2,RE_PRO_3,RE_PRO_4,RE_P_NO,RE_M_NUMBER,RE_M_NO,RE_M_NO_2) values ('O-30-BOX','FIND','WASH','DRY','30B-OUT','O-BOX30',31,'G01','P04');
Insert into MES_1.RECIPE_2_TB (RE_NO,RE_PRO_1,RE_PRO_2,RE_PRO_3,RE_PRO_4,RE_P_NO,RE_M_NUMBER,RE_M_NO,RE_M_NO_2) values ('O-20-VINYL','FIND','WASH','DRY','20N-OUT','O-20',21,'G01','P01');
Insert into MES_1.RECIPE_2_TB (RE_NO,RE_PRO_1,RE_PRO_2,RE_PRO_3,RE_PRO_4,RE_P_NO,RE_M_NUMBER,RE_M_NO,RE_M_NO_2) values ('D-10-BOX','FIND','WASH','DRY','10B-OUT','D-BOX10',11,'G02','P02');
Insert into MES_1.RECIPE_2_TB (RE_NO,RE_PRO_1,RE_PRO_2,RE_PRO_3,RE_PRO_4,RE_P_NO,RE_M_NUMBER,RE_M_NO,RE_M_NO_2) values ('D-20-BOX','FIND','WASH','DRY','20B-OUT','D-BOX20',21,'G02','P03');
Insert into MES_1.RECIPE_2_TB (RE_NO,RE_PRO_1,RE_PRO_2,RE_PRO_3,RE_PRO_4,RE_P_NO,RE_M_NUMBER,RE_M_NO,RE_M_NO_2) values ('D-30-BOX','FIND','WASH','DRY','30B-OUT','D-BOX30',31,'G02','P04');
Insert into MES_1.RECIPE_2_TB (RE_NO,RE_PRO_1,RE_PRO_2,RE_PRO_3,RE_PRO_4,RE_P_NO,RE_M_NUMBER,RE_M_NO,RE_M_NO_2) values ('D-20-VINYL','FIND','WASH','DRY','20N-OUT','D-20',21,'G02','P01');
Insert into MES_1.RECIPE_2_TB (RE_NO,RE_PRO_1,RE_PRO_2,RE_PRO_3,RE_PRO_4,RE_P_NO,RE_M_NUMBER,RE_M_NO,RE_M_NO_2) values ('H-10-BOX','FIND','WASH','DRY','10B-OUT','H-BOX10',11,'G03','P02');
Insert into MES_1.RECIPE_2_TB (RE_NO,RE_PRO_1,RE_PRO_2,RE_PRO_3,RE_PRO_4,RE_P_NO,RE_M_NUMBER,RE_M_NO,RE_M_NO_2) values ('H-20-BOX','FIND','WASH','DRY','20B-OUT','H-BOX20',21,'G03','P03');
Insert into MES_1.RECIPE_2_TB (RE_NO,RE_PRO_1,RE_PRO_2,RE_PRO_3,RE_PRO_4,RE_P_NO,RE_M_NUMBER,RE_M_NO,RE_M_NO_2) values ('H-30-BOX','FIND','WASH','DRY','30B-OUT','H-BOX30',31,'G03','P04');
Insert into MES_1.RECIPE_2_TB (RE_NO,RE_PRO_1,RE_PRO_2,RE_PRO_3,RE_PRO_4,RE_P_NO,RE_M_NUMBER,RE_M_NO,RE_M_NO_2) values ('H-20-VINYL','FIND','WASH','DRY','20N-OUT','H-20',21,'G03','P01');
REM INSERTING into MES_1.PRODUCT_TB
SET DEFINE OFF;
Insert into MES_1.PRODUCT_TB (P_NO,P_NAME,P_SIZE,P_PRICE,P_COUNT,P_DATE) values ('O-BOX10','옥천준시 곶감 명품 10구 (0.8kg)','0.88',13600,'kg','1개월');
Insert into MES_1.PRODUCT_TB (P_NO,P_NAME,P_SIZE,P_PRICE,P_COUNT,P_DATE) values ('O-BOX20','옥천준시 곶감 명품 20구 (1.7kg)','1.7',27200,'kg','1개월');
Insert into MES_1.PRODUCT_TB (P_NO,P_NAME,P_SIZE,P_PRICE,P_COUNT,P_DATE) values ('O-BOX30','옥천준시 곶감 명품 30구 (2.5kg)','2.54',40900,'kg','1개월');
Insert into MES_1.PRODUCT_TB (P_NO,P_NAME,P_SIZE,P_PRICE,P_COUNT,P_DATE) values ('O-20','옥천준시 곶감 못난이 20구 (1.6kg)','1.63',18300,'kg','1개월');
Insert into MES_1.PRODUCT_TB (P_NO,P_NAME,P_SIZE,P_PRICE,P_COUNT,P_DATE) values ('D-BOX10','대봉시 곶감 명품 10구 (1.4kg)','1.48',26800,'kg','1개월');
Insert into MES_1.PRODUCT_TB (P_NO,P_NAME,P_SIZE,P_PRICE,P_COUNT,P_DATE) values ('D-BOX20','대봉시 곶감 명품 20구 (2.9kg)','2.9',53500,'kg','1개월');
Insert into MES_1.PRODUCT_TB (P_NO,P_NAME,P_SIZE,P_PRICE,P_COUNT,P_DATE) values ('D-BOX30','대봉시 곶감 명품 30구 (4.3kg)','4.34',80200,'kg','1개월');
Insert into MES_1.PRODUCT_TB (P_NO,P_NAME,P_SIZE,P_PRICE,P_COUNT,P_DATE) values ('D-20','대봉시 곶감 못난이 20구 (2.8kg)','2.82',41400,'kg','1개월');
Insert into MES_1.PRODUCT_TB (P_NO,P_NAME,P_SIZE,P_PRICE,P_COUNT,P_DATE) values ('H-BOX10','흑곶감 명품 10구 (0.8kg)','0.84',9900,'kg','1개월');
Insert into MES_1.PRODUCT_TB (P_NO,P_NAME,P_SIZE,P_PRICE,P_COUNT,P_DATE) values ('H-BOX20','흑곶감 명품 20구 (1.6kg)','1.62',19800,'kg','1개월');
Insert into MES_1.PRODUCT_TB (P_NO,P_NAME,P_SIZE,P_PRICE,P_COUNT,P_DATE) values ('H-BOX30','흑곶감 명품 30구 (2.4kg)','2.42',29700,'kg','1개월');
Insert into MES_1.PRODUCT_TB (P_NO,P_NAME,P_SIZE,P_PRICE,P_COUNT,P_DATE) values ('H-20','흑곶감 못난이 20구 (1.5kg)','1.55',11700,'kg','1개월');
REM INSERTING into MES_1.ORDER_DETAIL_TB
SET DEFINE OFF;
Insert into MES_1.ORDER_DETAIL_TB (O_DE_NO,O_DE_P_NO,O_DE_COUNT) values (1,'D-BOX10',20);
Insert into MES_1.ORDER_DETAIL_TB (O_DE_NO,O_DE_P_NO,O_DE_COUNT) values (2,'H-BOX20',30);
Insert into MES_1.ORDER_DETAIL_TB (O_DE_NO,O_DE_P_NO,O_DE_COUNT) values (3,'D-20',60);
Insert into MES_1.ORDER_DETAIL_TB (O_DE_NO,O_DE_P_NO,O_DE_COUNT) values (4,'H-BOX10',40);
Insert into MES_1.ORDER_DETAIL_TB (O_DE_NO,O_DE_P_NO,O_DE_COUNT) values (5,'O-BOX20',50);
Insert into MES_1.ORDER_DETAIL_TB (O_DE_NO,O_DE_P_NO,O_DE_COUNT) values (6,'H-BOX20',60);
Insert into MES_1.ORDER_DETAIL_TB (O_DE_NO,O_DE_P_NO,O_DE_COUNT) values (7,'O-BOX20',20);
Insert into MES_1.ORDER_DETAIL_TB (O_DE_NO,O_DE_P_NO,O_DE_COUNT) values (8,'O-BOX30',30);
Insert into MES_1.ORDER_DETAIL_TB (O_DE_NO,O_DE_P_NO,O_DE_COUNT) values (9,'O-BOX10',60);
Insert into MES_1.ORDER_DETAIL_TB (O_DE_NO,O_DE_P_NO,O_DE_COUNT) values (10,'D-BOX10',40);
Insert into MES_1.ORDER_DETAIL_TB (O_DE_NO,O_DE_P_NO,O_DE_COUNT) values (11,'O-BOX30',60);
Insert into MES_1.ORDER_DETAIL_TB (O_DE_NO,O_DE_P_NO,O_DE_COUNT) values (12,'O-20',30);
Insert into MES_1.ORDER_DETAIL_TB (O_DE_NO,O_DE_P_NO,O_DE_COUNT) values (13,'H-BOX10',50);
Insert into MES_1.ORDER_DETAIL_TB (O_DE_NO,O_DE_P_NO,O_DE_COUNT) values (14,'D-BOX10',20);
Insert into MES_1.ORDER_DETAIL_TB (O_DE_NO,O_DE_P_NO,O_DE_COUNT) values (15,'H-BOX30',20);
REM INSERTING into MES_1.COMMEND_TB
SET DEFINE OFF;
Insert into MES_1.COMMEND_TB (C_NO,C_O_NO,C_START_DATE,C_END_DATE,C_STATUS,C_E_NO,C_LINE_NO) values (1,1,to_date('2022-02-15','YYYY-MM-DD'),to_date('2022-03-07','YYYY-MM-DD'),'완료',null,'1');
Insert into MES_1.COMMEND_TB (C_NO,C_O_NO,C_START_DATE,C_END_DATE,C_STATUS,C_E_NO,C_LINE_NO) values (2,2,to_date('2022-03-03','YYYY-MM-DD'),null,'작업중',null,'2');
Insert into MES_1.COMMEND_TB (C_NO,C_O_NO,C_START_DATE,C_END_DATE,C_STATUS,C_E_NO,C_LINE_NO) values (3,3,to_date('2022-03-17','YYYY-MM-DD'),null,'작업중',null,'2');
Insert into MES_1.COMMEND_TB (C_NO,C_O_NO,C_START_DATE,C_END_DATE,C_STATUS,C_E_NO,C_LINE_NO) values (4,4,to_date('2022-03-18','YYYY-MM-DD'),null,'작업중',null,'4');
Insert into MES_1.COMMEND_TB (C_NO,C_O_NO,C_START_DATE,C_END_DATE,C_STATUS,C_E_NO,C_LINE_NO) values (5,5,to_date('2022-03-15','YYYY-MM-DD'),null,'작업중',null,'4');
Insert into MES_1.COMMEND_TB (C_NO,C_O_NO,C_START_DATE,C_END_DATE,C_STATUS,C_E_NO,C_LINE_NO) values (6,6,to_date('2022-03-14','YYYY-MM-DD'),null,'작업중',null,'1');
Insert into MES_1.COMMEND_TB (C_NO,C_O_NO,C_START_DATE,C_END_DATE,C_STATUS,C_E_NO,C_LINE_NO) values (7,7,to_date('2022-03-01','YYYY-MM-DD'),to_date('2022-03-18','YYYY-MM-DD'),'완료',null,'3');
Insert into MES_1.COMMEND_TB (C_NO,C_O_NO,C_START_DATE,C_END_DATE,C_STATUS,C_E_NO,C_LINE_NO) values (8,8,to_date('2022-02-27','YYYY-MM-DD'),to_date('2022-03-15','YYYY-MM-DD'),'완료',null,'1');
Insert into MES_1.COMMEND_TB (C_NO,C_O_NO,C_START_DATE,C_END_DATE,C_STATUS,C_E_NO,C_LINE_NO) values (9,9,to_date('2022-03-10','YYYY-MM-DD'),null,'작업중',null,'2');
Insert into MES_1.COMMEND_TB (C_NO,C_O_NO,C_START_DATE,C_END_DATE,C_STATUS,C_E_NO,C_LINE_NO) values (10,10,to_date('2022-02-28','YYYY-MM-DD'),to_date('2022-03-17','YYYY-MM-DD'),'완료',null,'3');
Insert into MES_1.COMMEND_TB (C_NO,C_O_NO,C_START_DATE,C_END_DATE,C_STATUS,C_E_NO,C_LINE_NO) values (11,11,to_date('2022-03-17','YYYY-MM-DD'),null,'작업중',null,'3');
Insert into MES_1.COMMEND_TB (C_NO,C_O_NO,C_START_DATE,C_END_DATE,C_STATUS,C_E_NO,C_LINE_NO) values (12,12,to_date('2022-03-15','YYYY-MM-DD'),null,'작업중',null,'2');
Insert into MES_1.COMMEND_TB (C_NO,C_O_NO,C_START_DATE,C_END_DATE,C_STATUS,C_E_NO,C_LINE_NO) values (13,13,to_date('2022-02-20','YYYY-MM-DD'),to_date('2022-03-08','YYYY-MM-DD'),'완료',null,'3');
Insert into MES_1.COMMEND_TB (C_NO,C_O_NO,C_START_DATE,C_END_DATE,C_STATUS,C_E_NO,C_LINE_NO) values (14,14,to_date('2022-03-12','YYYY-MM-DD'),null,'작업중',null,'4');
Insert into MES_1.COMMEND_TB (C_NO,C_O_NO,C_START_DATE,C_END_DATE,C_STATUS,C_E_NO,C_LINE_NO) values (15,15,to_date('2022-02-18','YYYY-MM-DD'),to_date('2022-03-07','YYYY-MM-DD'),'완료',null,'2');
REM INSERTING into MES_1.CO_COMPANY_TB
SET DEFINE OFF;
Insert into MES_1.CO_COMPANY_TB (CO_NO,CO_NAME,CO_CEO,CO_TEL,CO_FEX,CO_ADDRESS,CO_EM,CO_EM_TEL,CO_EMAIL,CO_ETC) values ('8358100254','감코리아','노정이','043-733-4660','043-733-4660','충청북도 옥천군 군북면 석호길 170/','최수연','010-8094-8920','shwjddl0207@naver.com','ㅁㅁㄴㅇㄻㄴㅇㄹ');
Insert into MES_1.CO_COMPANY_TB (CO_NO,CO_NAME,CO_CEO,CO_TEL,CO_FEX,CO_ADDRESS,CO_EM,CO_EM_TEL,CO_EMAIL,CO_ETC) values ('2442900450','비닐몰','곽상현','1577-8792','031-574-4248','경기도 남양주시 진접읍 금강로 1881-19/','김두현','010-8737-8498','vinylmall@daum.net',null);
Insert into MES_1.CO_COMPANY_TB (CO_NO,CO_NAME,CO_CEO,CO_TEL,CO_FEX,CO_ADDRESS,CO_EM,CO_EM_TEL,CO_EMAIL,CO_ETC) values ('1348132217','박스119','박태홍','031-497-4595','031-498-0895','경기도 안산시 단원구 진흥로10번길 79/사회공단 5바 623호','최태현','010-2983-9403','dybox@dyboxmall.com',null);
REM INSERTING into MES_1.MY_COMPANY_TB
SET DEFINE OFF;
Insert into MES_1.MY_COMPANY_TB (MC_NAME,MC_CEO,MC_TEL,MC_FAX,MC_EM,MC_EM_TEL,MC_EMAIL,MC_ADDRESS,MC_BANK,MC_BANK_NUM,MC_BANK_NAME,MC_NO) values ('(주)Global Gam                ','허강민','02-777-7777','111-1111-3333','윤혁준','010-1234-4321','GlobalGamZZang@gmail.com','서울특별시 종로구 청와대로 1/1층 ','기업은행','509-010117-01-000','(주)GlobalGam','123-12-123456');
REM INSERTING into MES_1.STORAGE_TB
SET DEFINE OFF;
Insert into MES_1.STORAGE_TB (ST_NO,ST_NAME,ST_NUMBER,ST_KIND) values ('A','G01',160,'원자재');
Insert into MES_1.STORAGE_TB (ST_NO,ST_NAME,ST_NUMBER,ST_KIND) values ('B','G02',150,'원자재');
Insert into MES_1.STORAGE_TB (ST_NO,ST_NAME,ST_NUMBER,ST_KIND) values ('C','G03',200,'원자재');
Insert into MES_1.STORAGE_TB (ST_NO,ST_NAME,ST_NUMBER,ST_KIND) values ('D','P01',140,'원자재');
Insert into MES_1.STORAGE_TB (ST_NO,ST_NAME,ST_NUMBER,ST_KIND) values ('E','P02',180,'원자재');
Insert into MES_1.STORAGE_TB (ST_NO,ST_NAME,ST_NUMBER,ST_KIND) values ('F','P03',200,'원자재');
Insert into MES_1.STORAGE_TB (ST_NO,ST_NAME,ST_NUMBER,ST_KIND) values ('G','P04',210,'원자재');
REM INSERTING into MES_1.EMPLOYEE_TB
SET DEFINE OFF;
Insert into MES_1.EMPLOYEE_TB (E_NO,E_NAME,E_PW,E_LEVEL,E_LINE,E_PRO_NO) values (2022031710,'박서준','123456','관리자','0','총괄');
Insert into MES_1.EMPLOYEE_TB (E_NO,E_NAME,E_PW,E_LEVEL,E_LINE,E_PRO_NO) values (2021050366,'박형식','123456','직원','1','FIND');
Insert into MES_1.EMPLOYEE_TB (E_NO,E_NAME,E_PW,E_LEVEL,E_LINE,E_PRO_NO) values (2018081533,'최우식','123456','직원','2','WASH');
Insert into MES_1.EMPLOYEE_TB (E_NO,E_NAME,E_PW,E_LEVEL,E_LINE,E_PRO_NO) values (2016080445,'남주혁','123456','직원','3','DRY');
Insert into MES_1.EMPLOYEE_TB (E_NO,E_NAME,E_PW,E_LEVEL,E_LINE,E_PRO_NO) values (2013112561,'김우빈','123456','직원','1','10B-OUT');
Insert into MES_1.EMPLOYEE_TB (E_NO,E_NAME,E_PW,E_LEVEL,E_LINE,E_PRO_NO) values (2011013122,'송강','1','관리자','0','총괄');
Insert into MES_1.EMPLOYEE_TB (E_NO,E_NAME,E_PW,E_LEVEL,E_LINE,E_PRO_NO) values (2015101385,'송중기','123456','직원','3','20N-OUT');
Insert into MES_1.EMPLOYEE_TB (E_NO,E_NAME,E_PW,E_LEVEL,E_LINE,E_PRO_NO) values (2019051252,'차태현','123456','직원','1','30B-OUT');
Insert into MES_1.EMPLOYEE_TB (E_NO,E_NAME,E_PW,E_LEVEL,E_LINE,E_PRO_NO) values (2017060578,'김태리','1234','직원','2','FIND');
Insert into MES_1.EMPLOYEE_TB (E_NO,E_NAME,E_PW,E_LEVEL,E_LINE,E_PRO_NO) values (2019061256,'한소희','1234','직원','3','WASH');
Insert into MES_1.EMPLOYEE_TB (E_NO,E_NAME,E_PW,E_LEVEL,E_LINE,E_PRO_NO) values (2018040123,'한가인','1234','직원','1','DRY');
Insert into MES_1.EMPLOYEE_TB (E_NO,E_NAME,E_PW,E_LEVEL,E_LINE,E_PRO_NO) values (2018012235,'박보영','1234','직원','2','10B-OUT');
Insert into MES_1.EMPLOYEE_TB (E_NO,E_NAME,E_PW,E_LEVEL,E_LINE,E_PRO_NO) values (2021090645,'신예은','1234','직원','3','20B-OUT');
Insert into MES_1.EMPLOYEE_TB (E_NO,E_NAME,E_PW,E_LEVEL,E_LINE,E_PRO_NO) values (2021121401,'문가영','1234','직원','1','20N-OUT');
Insert into MES_1.EMPLOYEE_TB (E_NO,E_NAME,E_PW,E_LEVEL,E_LINE,E_PRO_NO) values (2016032532,'이준호','1234','직원','2','30B-OUT');
Insert into MES_1.EMPLOYEE_TB (E_NO,E_NAME,E_PW,E_LEVEL,E_LINE,E_PRO_NO) values (2021001088,'이세영','1234','직원','3','FIND');
Insert into MES_1.EMPLOYEE_TB (E_NO,E_NAME,E_PW,E_LEVEL,E_LINE,E_PRO_NO) values (2014020508,'전지현','1234','직원','1','WASH');
Insert into MES_1.EMPLOYEE_TB (E_NO,E_NAME,E_PW,E_LEVEL,E_LINE,E_PRO_NO) values (2016112389,'송지효','1234','직원','2','DRY');
Insert into MES_1.EMPLOYEE_TB (E_NO,E_NAME,E_PW,E_LEVEL,E_LINE,E_PRO_NO) values (2017120537,'전소민','1234','직원','3','10B-OUT');
Insert into MES_1.EMPLOYEE_TB (E_NO,E_NAME,E_PW,E_LEVEL,E_LINE,E_PRO_NO) values (2020022020,'신세경','1234','직원','1','20B-OUT');
Insert into MES_1.EMPLOYEE_TB (E_NO,E_NAME,E_PW,E_LEVEL,E_LINE,E_PRO_NO) values (2019100957,'조이현','1234','직원','2','20N-OUT');
Insert into MES_1.EMPLOYEE_TB (E_NO,E_NAME,E_PW,E_LEVEL,E_LINE,E_PRO_NO) values (2018121212,'서지혜','1234','직원','3','30B-OUT');
Insert into MES_1.EMPLOYEE_TB (E_NO,E_NAME,E_PW,E_LEVEL,E_LINE,E_PRO_NO) values (1234,'asd','1','관리자','0','총괄');
Insert into MES_1.EMPLOYEE_TB (E_NO,E_NAME,E_PW,E_LEVEL,E_LINE,E_PRO_NO) values (1111,'asdasd','1','직원','1','FIND');
REM INSERTING into MES_1.REQUEST_TB
SET DEFINE OFF;
Insert into MES_1.REQUEST_TB (R_NO,R_CO_NO,R_WRITE_DATE,R_END_DATE,R_E_NO) values (17,'1348132217',to_date('2022-04-06','YYYY-MM-DD'),to_date('2022-04-11','YYYY-MM-DD'),2021050366);
Insert into MES_1.REQUEST_TB (R_NO,R_CO_NO,R_WRITE_DATE,R_END_DATE,R_E_NO) values (1,'2442900450',to_date('2022-03-16','YYYY-MM-DD'),to_date('2022-04-12','YYYY-MM-DD'),2020022020);
Insert into MES_1.REQUEST_TB (R_NO,R_CO_NO,R_WRITE_DATE,R_END_DATE,R_E_NO) values (2,'8358100254',to_date('2022-03-13','YYYY-MM-DD'),to_date('2022-04-04','YYYY-MM-DD'),2018040123);
Insert into MES_1.REQUEST_TB (R_NO,R_CO_NO,R_WRITE_DATE,R_END_DATE,R_E_NO) values (3,'2442900450',to_date('2022-03-11','YYYY-MM-DD'),to_date('2022-04-08','YYYY-MM-DD'),2018012235);
Insert into MES_1.REQUEST_TB (R_NO,R_CO_NO,R_WRITE_DATE,R_END_DATE,R_E_NO) values (4,'1348132217',to_date('2022-03-09','YYYY-MM-DD'),to_date('2022-03-27','YYYY-MM-DD'),2021050366);
Insert into MES_1.REQUEST_TB (R_NO,R_CO_NO,R_WRITE_DATE,R_END_DATE,R_E_NO) values (5,'8358100254',to_date('2022-03-02','YYYY-MM-DD'),to_date('2022-03-15','YYYY-MM-DD'),2022031710);
Insert into MES_1.REQUEST_TB (R_NO,R_CO_NO,R_WRITE_DATE,R_END_DATE,R_E_NO) values (6,'2442900450',to_date('2022-03-06','YYYY-MM-DD'),to_date('2022-03-23','YYYY-MM-DD'),2011013122);
Insert into MES_1.REQUEST_TB (R_NO,R_CO_NO,R_WRITE_DATE,R_END_DATE,R_E_NO) values (7,'8358100254',to_date('2022-03-09','YYYY-MM-DD'),to_date('2022-03-31','YYYY-MM-DD'),2018040123);
Insert into MES_1.REQUEST_TB (R_NO,R_CO_NO,R_WRITE_DATE,R_END_DATE,R_E_NO) values (8,'8358100254',to_date('2022-03-14','YYYY-MM-DD'),to_date('2022-03-24','YYYY-MM-DD'),2017060578);
Insert into MES_1.REQUEST_TB (R_NO,R_CO_NO,R_WRITE_DATE,R_END_DATE,R_E_NO) values (9,'2442900450',to_date('2022-03-15','YYYY-MM-DD'),to_date('2022-04-10','YYYY-MM-DD'),2019100957);
Insert into MES_1.REQUEST_TB (R_NO,R_CO_NO,R_WRITE_DATE,R_END_DATE,R_E_NO) values (10,'1348132217',to_date('2022-03-04','YYYY-MM-DD'),to_date('2022-04-11','YYYY-MM-DD'),2019100957);
Insert into MES_1.REQUEST_TB (R_NO,R_CO_NO,R_WRITE_DATE,R_END_DATE,R_E_NO) values (11,'8358100254',to_date('2022-03-03','YYYY-MM-DD'),to_date('2022-04-07','YYYY-MM-DD'),2011013122);
REM INSERTING into MES_1.METERIAL_TB
SET DEFINE OFF;
Insert into MES_1.METERIAL_TB (M_NO,M_CC_CODE,M_NAME,M_SIZE,M_PRICE,M_COUNTRY,M_COUNT,M_DATE) values ('G01','8358100254','옥천준시','200',1400,'충북 옥천','g','14일');
Insert into MES_1.METERIAL_TB (M_NO,M_CC_CODE,M_NAME,M_SIZE,M_PRICE,M_COUNTRY,M_COUNT,M_DATE) values ('G02','8358100254','대봉','350',1500,'전남 장성','g','14일');
Insert into MES_1.METERIAL_TB (M_NO,M_CC_CODE,M_NAME,M_SIZE,M_PRICE,M_COUNTRY,M_COUNT,M_DATE) values ('G03','8358100254','두레시','190',2000,'경북 상주','g','14일');
Insert into MES_1.METERIAL_TB (M_NO,M_CC_CODE,M_NAME,M_SIZE,M_PRICE,M_COUNTRY,M_COUNT,M_DATE) values ('P01','2442900450','비닐포장지','100',50,'생략','ea','5년');
Insert into MES_1.METERIAL_TB (M_NO,M_CC_CODE,M_NAME,M_SIZE,M_PRICE,M_COUNTRY,M_COUNT,M_DATE) values ('P02','1348132217','박스(10개입)','10',10,'생략','ea','5년');
Insert into MES_1.METERIAL_TB (M_NO,M_CC_CODE,M_NAME,M_SIZE,M_PRICE,M_COUNTRY,M_COUNT,M_DATE) values ('P03','1348132217','박스(20개입)','10',30,'생략','ea','5년');
Insert into MES_1.METERIAL_TB (M_NO,M_CC_CODE,M_NAME,M_SIZE,M_PRICE,M_COUNTRY,M_COUNT,M_DATE) values ('P04','1348132217','박스(30개입)','10',40,'생략','ea','5년');
REM INSERTING into MES_1.ORDER_TB
SET DEFINE OFF;
Insert into MES_1.ORDER_TB (O_NO,O_CU_NO,O_SEND_ADDRESS,O_WRITE_DATE,O_END_DATE) values (1,'124-76-19323','서울특별시 금천구 가산디지털2로',to_date('2022-02-02','YYYY-MM-DD'),to_date('2022-05-01','YYYY-MM-DD'));
Insert into MES_1.ORDER_TB (O_NO,O_CU_NO,O_SEND_ADDRESS,O_WRITE_DATE,O_END_DATE) values (2,'117-28-41657','세종특별자치시  평안1길',to_date('2022-02-28','YYYY-MM-DD'),to_date('2022-05-15','YYYY-MM-DD'));
Insert into MES_1.ORDER_TB (O_NO,O_CU_NO,O_SEND_ADDRESS,O_WRITE_DATE,O_END_DATE) values (3,'179-20-48895','충청북도 제천시 명륜로2길',to_date('2022-03-05','YYYY-MM-DD'),to_date('2022-06-05','YYYY-MM-DD'));
Insert into MES_1.ORDER_TB (O_NO,O_CU_NO,O_SEND_ADDRESS,O_WRITE_DATE,O_END_DATE) values (4,'124-76-19323','전라남도 여수시 여서동5길',to_date('2022-03-14','YYYY-MM-DD'),to_date('2022-06-30','YYYY-MM-DD'));
Insert into MES_1.ORDER_TB (O_NO,O_CU_NO,O_SEND_ADDRESS,O_WRITE_DATE,O_END_DATE) values (5,'182-45-78290','경상남도 창녕군 상남안길',to_date('2022-03-12','YYYY-MM-DD'),to_date('2022-06-20','YYYY-MM-DD'));
Insert into MES_1.ORDER_TB (O_NO,O_CU_NO,O_SEND_ADDRESS,O_WRITE_DATE,O_END_DATE) values (6,'179-20-48895','강원도 인제군 배나무골길',to_date('2022-03-13','YYYY-MM-DD'),to_date('2022-06-15','YYYY-MM-DD'));
Insert into MES_1.ORDER_TB (O_NO,O_CU_NO,O_SEND_ADDRESS,O_WRITE_DATE,O_END_DATE) values (7,'182-45-78290','경상북도 봉화군 잿마길',to_date('2022-02-26','YYYY-MM-DD'),to_date('2022-05-31','YYYY-MM-DD'));
Insert into MES_1.ORDER_TB (O_NO,O_CU_NO,O_SEND_ADDRESS,O_WRITE_DATE,O_END_DATE) values (8,'115-68-69497','경기도 광명시 철산로30번길',to_date('2022-02-20','YYYY-MM-DD'),to_date('2022-05-28','YYYY-MM-DD'));
Insert into MES_1.ORDER_TB (O_NO,O_CU_NO,O_SEND_ADDRESS,O_WRITE_DATE,O_END_DATE) values (9,'103-70-56914','경기도 남양주시 퇴계원로6번길',to_date('2022-03-08','YYYY-MM-DD'),to_date('2022-06-09','YYYY-MM-DD'));
Insert into MES_1.ORDER_TB (O_NO,O_CU_NO,O_SEND_ADDRESS,O_WRITE_DATE,O_END_DATE) values (10,'115-68-69497','경기도 용인시 수지구 만현로67번길',to_date('2022-02-26','YYYY-MM-DD'),to_date('2022-04-15','YYYY-MM-DD'));
Insert into MES_1.ORDER_TB (O_NO,O_CU_NO,O_SEND_ADDRESS,O_WRITE_DATE,O_END_DATE) values (11,'110-92-11997','전라북도 순창군 황계길',to_date('2022-03-14','YYYY-MM-DD'),to_date('2022-06-28','YYYY-MM-DD'));
Insert into MES_1.ORDER_TB (O_NO,O_CU_NO,O_SEND_ADDRESS,O_WRITE_DATE,O_END_DATE) values (12,'106-84-50701','대구광역시 수성구 성동로33길',to_date('2022-03-07','YYYY-MM-DD'),to_date('2022-07-01','YYYY-MM-DD'));
Insert into MES_1.ORDER_TB (O_NO,O_CU_NO,O_SEND_ADDRESS,O_WRITE_DATE,O_END_DATE) values (13,'108-62-32315','서울특별시 동대문구 천호대로69가길',to_date('2022-02-08','YYYY-MM-DD'),to_date('2022-05-10','YYYY-MM-DD'));
Insert into MES_1.ORDER_TB (O_NO,O_CU_NO,O_SEND_ADDRESS,O_WRITE_DATE,O_END_DATE) values (14,'179-20-48895','서울특별시 종로구 경희궁3가길',to_date('2022-03-02','YYYY-MM-DD'),to_date('2022-06-21','YYYY-MM-DD'));
Insert into MES_1.ORDER_TB (O_NO,O_CU_NO,O_SEND_ADDRESS,O_WRITE_DATE,O_END_DATE) values (15,'182-45-78290','서울특별시 서초구 사임당로18길',to_date('2022-02-12','YYYY-MM-DD'),to_date('2022-05-09','YYYY-MM-DD'));
REM INSERTING into MES_1.MAKE_LOG
SET DEFINE OFF;
Insert into MES_1.MAKE_LOG (ML_NO,ML_C_NO,ML_M_NO,ML_LINE,ML_E_NO,ML_DATE,ML_GOAL,ML_CREATE,ML_NO_CREATE,ML_ALL_NUMBER,ML_COMMENT,ML_PRO_NO) values (1,1,'G02',1,2021050366,to_date('2022-02-15','YYYY-MM-DD'),20,20,0,550,null,'FIND');
Insert into MES_1.MAKE_LOG (ML_NO,ML_C_NO,ML_M_NO,ML_LINE,ML_E_NO,ML_DATE,ML_GOAL,ML_CREATE,ML_NO_CREATE,ML_ALL_NUMBER,ML_COMMENT,ML_PRO_NO) values (2,1,'G02',1,2014020508,to_date('2022-02-17','YYYY-MM-DD'),20,20,0,550,null,'WASH');
Insert into MES_1.MAKE_LOG (ML_NO,ML_C_NO,ML_M_NO,ML_LINE,ML_E_NO,ML_DATE,ML_GOAL,ML_CREATE,ML_NO_CREATE,ML_ALL_NUMBER,ML_COMMENT,ML_PRO_NO) values (3,15,'G03',3,2021001088,to_date('2022-02-18','YYYY-MM-DD'),20,20,0,200,null,'FIND');
Insert into MES_1.MAKE_LOG (ML_NO,ML_C_NO,ML_M_NO,ML_LINE,ML_E_NO,ML_DATE,ML_GOAL,ML_CREATE,ML_NO_CREATE,ML_ALL_NUMBER,ML_COMMENT,ML_PRO_NO) values (4,1,'G02',1,2018040123,to_date('2022-02-19','YYYY-MM-DD'),20,20,0,550,null,'DRY');
Insert into MES_1.MAKE_LOG (ML_NO,ML_C_NO,ML_M_NO,ML_LINE,ML_E_NO,ML_DATE,ML_GOAL,ML_CREATE,ML_NO_CREATE,ML_ALL_NUMBER,ML_COMMENT,ML_PRO_NO) values (5,15,'G03',3,2019061256,to_date('2022-02-19','YYYY-MM-DD'),20,20,0,200,null,'WASH');
Insert into MES_1.MAKE_LOG (ML_NO,ML_C_NO,ML_M_NO,ML_LINE,ML_E_NO,ML_DATE,ML_GOAL,ML_CREATE,ML_NO_CREATE,ML_ALL_NUMBER,ML_COMMENT,ML_PRO_NO) values (6,13,'G03',3,2021001088,to_date('2022-02-20','YYYY-MM-DD'),50,50,0,800,null,'FIND');
Insert into MES_1.MAKE_LOG (ML_NO,ML_C_NO,ML_M_NO,ML_LINE,ML_E_NO,ML_DATE,ML_GOAL,ML_CREATE,ML_NO_CREATE,ML_ALL_NUMBER,ML_COMMENT,ML_PRO_NO) values (7,15,'G03',3,2016080445,to_date('2022-02-20','YYYY-MM-DD'),20,20,0,200,null,'DRY');
Insert into MES_1.MAKE_LOG (ML_NO,ML_C_NO,ML_M_NO,ML_LINE,ML_E_NO,ML_DATE,ML_GOAL,ML_CREATE,ML_NO_CREATE,ML_ALL_NUMBER,ML_COMMENT,ML_PRO_NO) values (8,13,'G03',3,2019061256,to_date('2022-02-21','YYYY-MM-DD'),50,50,0,800,null,'WASH');
Insert into MES_1.MAKE_LOG (ML_NO,ML_C_NO,ML_M_NO,ML_LINE,ML_E_NO,ML_DATE,ML_GOAL,ML_CREATE,ML_NO_CREATE,ML_ALL_NUMBER,ML_COMMENT,ML_PRO_NO) values (9,13,'G03',3,2016080445,to_date('2022-02-22','YYYY-MM-DD'),50,50,0,800,null,'DRY');
Insert into MES_1.MAKE_LOG (ML_NO,ML_C_NO,ML_M_NO,ML_LINE,ML_E_NO,ML_DATE,ML_GOAL,ML_CREATE,ML_NO_CREATE,ML_ALL_NUMBER,ML_COMMENT,ML_PRO_NO) values (10,8,'G01',2,2017060578,to_date('2022-02-27','YYYY-MM-DD'),30,30,0,160,null,'FIND');
Insert into MES_1.MAKE_LOG (ML_NO,ML_C_NO,ML_M_NO,ML_LINE,ML_E_NO,ML_DATE,ML_GOAL,ML_CREATE,ML_NO_CREATE,ML_ALL_NUMBER,ML_COMMENT,ML_PRO_NO) values (11,8,'G01',2,2018081533,to_date('2022-02-28','YYYY-MM-DD'),30,30,0,160,null,'WASH');
Insert into MES_1.MAKE_LOG (ML_NO,ML_C_NO,ML_M_NO,ML_LINE,ML_E_NO,ML_DATE,ML_GOAL,ML_CREATE,ML_NO_CREATE,ML_ALL_NUMBER,ML_COMMENT,ML_PRO_NO) values (12,10,'G02',1,2021050366,to_date('2022-02-28','YYYY-MM-DD'),40,40,0,150,null,'FIND');
Insert into MES_1.MAKE_LOG (ML_NO,ML_C_NO,ML_M_NO,ML_LINE,ML_E_NO,ML_DATE,ML_GOAL,ML_CREATE,ML_NO_CREATE,ML_ALL_NUMBER,ML_COMMENT,ML_PRO_NO) values (13,7,'G01',2,2017060578,to_date('2022-03-01','YYYY-MM-DD'),30,30,0,1060,null,'FIND');
Insert into MES_1.MAKE_LOG (ML_NO,ML_C_NO,ML_M_NO,ML_LINE,ML_E_NO,ML_DATE,ML_GOAL,ML_CREATE,ML_NO_CREATE,ML_ALL_NUMBER,ML_COMMENT,ML_PRO_NO) values (14,7,'G01',2,2018081533,to_date('2022-03-02','YYYY-MM-DD'),30,30,0,1060,null,'WASH');
Insert into MES_1.MAKE_LOG (ML_NO,ML_C_NO,ML_M_NO,ML_LINE,ML_E_NO,ML_DATE,ML_GOAL,ML_CREATE,ML_NO_CREATE,ML_ALL_NUMBER,ML_COMMENT,ML_PRO_NO) values (15,8,'G01',2,2016112389,to_date('2022-03-02','YYYY-MM-DD'),30,30,0,160,null,'DRY');
Insert into MES_1.MAKE_LOG (ML_NO,ML_C_NO,ML_M_NO,ML_LINE,ML_E_NO,ML_DATE,ML_GOAL,ML_CREATE,ML_NO_CREATE,ML_ALL_NUMBER,ML_COMMENT,ML_PRO_NO) values (16,10,'G02',1,2014020508,to_date('2022-03-02','YYYY-MM-DD'),40,40,0,150,null,'WASH');
Insert into MES_1.MAKE_LOG (ML_NO,ML_C_NO,ML_M_NO,ML_LINE,ML_E_NO,ML_DATE,ML_GOAL,ML_CREATE,ML_NO_CREATE,ML_ALL_NUMBER,ML_COMMENT,ML_PRO_NO) values (17,7,'G01',2,2016112389,to_date('2022-03-03','YYYY-MM-DD'),30,30,0,1060,null,'DRY');
Insert into MES_1.MAKE_LOG (ML_NO,ML_C_NO,ML_M_NO,ML_LINE,ML_E_NO,ML_DATE,ML_GOAL,ML_CREATE,ML_NO_CREATE,ML_ALL_NUMBER,ML_COMMENT,ML_PRO_NO) values (18,10,'G02',1,2018040123,to_date('2022-03-03','YYYY-MM-DD'),40,40,0,150,null,'DRY');
Insert into MES_1.MAKE_LOG (ML_NO,ML_C_NO,ML_M_NO,ML_LINE,ML_E_NO,ML_DATE,ML_GOAL,ML_CREATE,ML_NO_CREATE,ML_ALL_NUMBER,ML_COMMENT,ML_PRO_NO) values (19,1,'P02',1,2013112561,to_date('2022-03-07','YYYY-MM-DD'),20,20,0,270,'P02','10B-OUT');
Insert into MES_1.MAKE_LOG (ML_NO,ML_C_NO,ML_M_NO,ML_LINE,ML_E_NO,ML_DATE,ML_GOAL,ML_CREATE,ML_NO_CREATE,ML_ALL_NUMBER,ML_COMMENT,ML_PRO_NO) values (20,15,'P04',3,2018121212,to_date('2022-03-07','YYYY-MM-DD'),20,20,0,210,'P04','30B-OUT');
Insert into MES_1.MAKE_LOG (ML_NO,ML_C_NO,ML_M_NO,ML_LINE,ML_E_NO,ML_DATE,ML_GOAL,ML_CREATE,ML_NO_CREATE,ML_ALL_NUMBER,ML_COMMENT,ML_PRO_NO) values (21,13,'P02',3,2017120537,to_date('2022-03-08','YYYY-MM-DD'),50,50,0,180,'P02','10B-OUT');
Insert into MES_1.MAKE_LOG (ML_NO,ML_C_NO,ML_M_NO,ML_LINE,ML_E_NO,ML_DATE,ML_GOAL,ML_CREATE,ML_NO_CREATE,ML_ALL_NUMBER,ML_COMMENT,ML_PRO_NO) values (22,8,'P04',2,2011013122,to_date('2022-03-15','YYYY-MM-DD'),30,30,0,230,'P04','20B-OUT');
Insert into MES_1.MAKE_LOG (ML_NO,ML_C_NO,ML_M_NO,ML_LINE,ML_E_NO,ML_DATE,ML_GOAL,ML_CREATE,ML_NO_CREATE,ML_ALL_NUMBER,ML_COMMENT,ML_PRO_NO) values (23,10,'P03',1,2020022020,to_date('2022-03-17','YYYY-MM-DD'),40,40,0,230,'P02','20B-OUT');
Insert into MES_1.MAKE_LOG (ML_NO,ML_C_NO,ML_M_NO,ML_LINE,ML_E_NO,ML_DATE,ML_GOAL,ML_CREATE,ML_NO_CREATE,ML_ALL_NUMBER,ML_COMMENT,ML_PRO_NO) values (24,7,'P03',2,2011013122,to_date('2022-03-18','YYYY-MM-DD'),30,30,0,200,'P03','20B-OUT');
--------------------------------------------------------
--  DDL for Index SYS_C0011089
--------------------------------------------------------

  CREATE UNIQUE INDEX "MES_1"."SYS_C0011089" ON "MES_1"."PROCESS_2_TB" ("PRO_NO") 
  PCTFREE 10 INITRANS 2 MAXTRANS 255 COMPUTE STATISTICS 
  STORAGE(INITIAL 65536 NEXT 1048576 MINEXTENTS 1 MAXEXTENTS 2147483645
  PCTINCREASE 0 FREELISTS 1 FREELIST GROUPS 1 BUFFER_POOL DEFAULT FLASH_CACHE DEFAULT CELL_FLASH_CACHE DEFAULT)
  TABLESPACE "SYSTEM" ;
--------------------------------------------------------
--  DDL for Index SYS_C0011028
--------------------------------------------------------

  CREATE UNIQUE INDEX "MES_1"."SYS_C0011028" ON "MES_1"."CU_COMPANY_TB" ("CU_NO") 
  PCTFREE 10 INITRANS 2 MAXTRANS 255 COMPUTE STATISTICS 
  STORAGE(INITIAL 65536 NEXT 1048576 MINEXTENTS 1 MAXEXTENTS 2147483645
  PCTINCREASE 0 FREELISTS 1 FREELIST GROUPS 1 BUFFER_POOL DEFAULT FLASH_CACHE DEFAULT CELL_FLASH_CACHE DEFAULT)
  TABLESPACE "SYSTEM" ;
--------------------------------------------------------
--  DDL for Index SYS_C0011050
--------------------------------------------------------

  CREATE UNIQUE INDEX "MES_1"."SYS_C0011050" ON "MES_1"."RECEIVE_TB" ("RC_NO") 
  PCTFREE 10 INITRANS 2 MAXTRANS 255 COMPUTE STATISTICS 
  STORAGE(INITIAL 65536 NEXT 1048576 MINEXTENTS 1 MAXEXTENTS 2147483645
  PCTINCREASE 0 FREELISTS 1 FREELIST GROUPS 1 BUFFER_POOL DEFAULT FLASH_CACHE DEFAULT CELL_FLASH_CACHE DEFAULT)
  TABLESPACE "SYSTEM" ;
--------------------------------------------------------
--  DDL for Index SYS_C0011052
--------------------------------------------------------

  CREATE UNIQUE INDEX "MES_1"."SYS_C0011052" ON "MES_1"."FORWARD_TB" ("F_NO") 
  PCTFREE 10 INITRANS 2 MAXTRANS 255 COMPUTE STATISTICS 
  STORAGE(INITIAL 65536 NEXT 1048576 MINEXTENTS 1 MAXEXTENTS 2147483645
  PCTINCREASE 0 FREELISTS 1 FREELIST GROUPS 1 BUFFER_POOL DEFAULT FLASH_CACHE DEFAULT CELL_FLASH_CACHE DEFAULT)
  TABLESPACE "SYSTEM" ;
--------------------------------------------------------
--  DDL for Index SYS_C0011090
--------------------------------------------------------

  CREATE UNIQUE INDEX "MES_1"."SYS_C0011090" ON "MES_1"."RECIPE_2_TB" ("RE_NO") 
  PCTFREE 10 INITRANS 2 MAXTRANS 255 COMPUTE STATISTICS 
  STORAGE(INITIAL 65536 NEXT 1048576 MINEXTENTS 1 MAXEXTENTS 2147483645
  PCTINCREASE 0 FREELISTS 1 FREELIST GROUPS 1 BUFFER_POOL DEFAULT FLASH_CACHE DEFAULT CELL_FLASH_CACHE DEFAULT)
  TABLESPACE "SYSTEM" ;
--------------------------------------------------------
--  DDL for Index PRODUCT_TB_PK
--------------------------------------------------------

  CREATE UNIQUE INDEX "MES_1"."PRODUCT_TB_PK" ON "MES_1"."PRODUCT_TB" ("P_NO") 
  PCTFREE 10 INITRANS 2 MAXTRANS 255 COMPUTE STATISTICS 
  STORAGE(INITIAL 65536 NEXT 1048576 MINEXTENTS 1 MAXEXTENTS 2147483645
  PCTINCREASE 0 FREELISTS 1 FREELIST GROUPS 1 BUFFER_POOL DEFAULT FLASH_CACHE DEFAULT CELL_FLASH_CACHE DEFAULT)
  TABLESPACE "SYSTEM" ;
--------------------------------------------------------
--  DDL for Index COMMEND_TB_PK
--------------------------------------------------------

  CREATE UNIQUE INDEX "MES_1"."COMMEND_TB_PK" ON "MES_1"."COMMEND_TB" ("C_NO") 
  PCTFREE 10 INITRANS 2 MAXTRANS 255 COMPUTE STATISTICS 
  STORAGE(INITIAL 65536 NEXT 1048576 MINEXTENTS 1 MAXEXTENTS 2147483645
  PCTINCREASE 0 FREELISTS 1 FREELIST GROUPS 1 BUFFER_POOL DEFAULT FLASH_CACHE DEFAULT CELL_FLASH_CACHE DEFAULT)
  TABLESPACE "SYSTEM" ;
--------------------------------------------------------
--  DDL for Index CO_COMPANY_PK
--------------------------------------------------------

  CREATE UNIQUE INDEX "MES_1"."CO_COMPANY_PK" ON "MES_1"."CO_COMPANY_TB" ("CO_NO") 
  PCTFREE 10 INITRANS 2 MAXTRANS 255 COMPUTE STATISTICS 
  STORAGE(INITIAL 65536 NEXT 1048576 MINEXTENTS 1 MAXEXTENTS 2147483645
  PCTINCREASE 0 FREELISTS 1 FREELIST GROUPS 1 BUFFER_POOL DEFAULT FLASH_CACHE DEFAULT CELL_FLASH_CACHE DEFAULT)
  TABLESPACE "SYSTEM" ;
--------------------------------------------------------
--  DDL for Index SYS_C0011051
--------------------------------------------------------

  CREATE UNIQUE INDEX "MES_1"."SYS_C0011051" ON "MES_1"."STORAGE_TB" ("ST_NO") 
  PCTFREE 10 INITRANS 2 MAXTRANS 255 COMPUTE STATISTICS 
  STORAGE(INITIAL 65536 NEXT 1048576 MINEXTENTS 1 MAXEXTENTS 2147483645
  PCTINCREASE 0 FREELISTS 1 FREELIST GROUPS 1 BUFFER_POOL DEFAULT FLASH_CACHE DEFAULT CELL_FLASH_CACHE DEFAULT)
  TABLESPACE "SYSTEM" ;
--------------------------------------------------------
--  DDL for Index SYS_C0011025
--------------------------------------------------------

  CREATE UNIQUE INDEX "MES_1"."SYS_C0011025" ON "MES_1"."EMPLOYEE_TB" ("E_NO") 
  PCTFREE 10 INITRANS 2 MAXTRANS 255 COMPUTE STATISTICS 
  STORAGE(INITIAL 65536 NEXT 1048576 MINEXTENTS 1 MAXEXTENTS 2147483645
  PCTINCREASE 0 FREELISTS 1 FREELIST GROUPS 1 BUFFER_POOL DEFAULT FLASH_CACHE DEFAULT CELL_FLASH_CACHE DEFAULT)
  TABLESPACE "SYSTEM" ;
--------------------------------------------------------
--  DDL for Index REQUEST_TB_PK
--------------------------------------------------------

  CREATE UNIQUE INDEX "MES_1"."REQUEST_TB_PK" ON "MES_1"."REQUEST_TB" ("R_NO") 
  PCTFREE 10 INITRANS 2 MAXTRANS 255 COMPUTE STATISTICS 
  STORAGE(INITIAL 65536 NEXT 1048576 MINEXTENTS 1 MAXEXTENTS 2147483645
  PCTINCREASE 0 FREELISTS 1 FREELIST GROUPS 1 BUFFER_POOL DEFAULT FLASH_CACHE DEFAULT CELL_FLASH_CACHE DEFAULT)
  TABLESPACE "SYSTEM" ;
--------------------------------------------------------
--  DDL for Index METERIAL_TB_PK
--------------------------------------------------------

  CREATE UNIQUE INDEX "MES_1"."METERIAL_TB_PK" ON "MES_1"."METERIAL_TB" ("M_NO") 
  PCTFREE 10 INITRANS 2 MAXTRANS 255 COMPUTE STATISTICS 
  STORAGE(INITIAL 65536 NEXT 1048576 MINEXTENTS 1 MAXEXTENTS 2147483645
  PCTINCREASE 0 FREELISTS 1 FREELIST GROUPS 1 BUFFER_POOL DEFAULT FLASH_CACHE DEFAULT CELL_FLASH_CACHE DEFAULT)
  TABLESPACE "SYSTEM" ;
--------------------------------------------------------
--  DDL for Index ORDER_TB_PK
--------------------------------------------------------

  CREATE UNIQUE INDEX "MES_1"."ORDER_TB_PK" ON "MES_1"."ORDER_TB" ("O_NO") 
  PCTFREE 10 INITRANS 2 MAXTRANS 255 COMPUTE STATISTICS 
  STORAGE(INITIAL 65536 NEXT 1048576 MINEXTENTS 1 MAXEXTENTS 2147483645
  PCTINCREASE 0 FREELISTS 1 FREELIST GROUPS 1 BUFFER_POOL DEFAULT FLASH_CACHE DEFAULT CELL_FLASH_CACHE DEFAULT)
  TABLESPACE "SYSTEM" ;
--------------------------------------------------------
--  DDL for Index SYS_C0011040
--------------------------------------------------------

  CREATE UNIQUE INDEX "MES_1"."SYS_C0011040" ON "MES_1"."MAKE_LOG" ("ML_NO") 
  PCTFREE 10 INITRANS 2 MAXTRANS 255 COMPUTE STATISTICS 
  STORAGE(INITIAL 65536 NEXT 1048576 MINEXTENTS 1 MAXEXTENTS 2147483645
  PCTINCREASE 0 FREELISTS 1 FREELIST GROUPS 1 BUFFER_POOL DEFAULT FLASH_CACHE DEFAULT CELL_FLASH_CACHE DEFAULT)
  TABLESPACE "SYSTEM" ;
--------------------------------------------------------
--  Constraints for Table PROCESS_2_TB
--------------------------------------------------------

  ALTER TABLE "MES_1"."PROCESS_2_TB" ADD PRIMARY KEY ("PRO_NO")
  USING INDEX PCTFREE 10 INITRANS 2 MAXTRANS 255 COMPUTE STATISTICS 
  STORAGE(INITIAL 65536 NEXT 1048576 MINEXTENTS 1 MAXEXTENTS 2147483645
  PCTINCREASE 0 FREELISTS 1 FREELIST GROUPS 1 BUFFER_POOL DEFAULT FLASH_CACHE DEFAULT CELL_FLASH_CACHE DEFAULT)
  TABLESPACE "SYSTEM"  ENABLE;
--------------------------------------------------------
--  Constraints for Table CU_COMPANY_TB
--------------------------------------------------------

  ALTER TABLE "MES_1"."CU_COMPANY_TB" ADD PRIMARY KEY ("CU_NO")
  USING INDEX PCTFREE 10 INITRANS 2 MAXTRANS 255 COMPUTE STATISTICS 
  STORAGE(INITIAL 65536 NEXT 1048576 MINEXTENTS 1 MAXEXTENTS 2147483645
  PCTINCREASE 0 FREELISTS 1 FREELIST GROUPS 1 BUFFER_POOL DEFAULT FLASH_CACHE DEFAULT CELL_FLASH_CACHE DEFAULT)
  TABLESPACE "SYSTEM"  ENABLE;
--------------------------------------------------------
--  Constraints for Table RECEIVE_TB
--------------------------------------------------------

  ALTER TABLE "MES_1"."RECEIVE_TB" ADD PRIMARY KEY ("RC_NO")
  USING INDEX PCTFREE 10 INITRANS 2 MAXTRANS 255 COMPUTE STATISTICS 
  STORAGE(INITIAL 65536 NEXT 1048576 MINEXTENTS 1 MAXEXTENTS 2147483645
  PCTINCREASE 0 FREELISTS 1 FREELIST GROUPS 1 BUFFER_POOL DEFAULT FLASH_CACHE DEFAULT CELL_FLASH_CACHE DEFAULT)
  TABLESPACE "SYSTEM"  ENABLE;
--------------------------------------------------------
--  Constraints for Table FORWARD_TB
--------------------------------------------------------

  ALTER TABLE "MES_1"."FORWARD_TB" ADD PRIMARY KEY ("F_NO")
  USING INDEX PCTFREE 10 INITRANS 2 MAXTRANS 255 COMPUTE STATISTICS 
  STORAGE(INITIAL 65536 NEXT 1048576 MINEXTENTS 1 MAXEXTENTS 2147483645
  PCTINCREASE 0 FREELISTS 1 FREELIST GROUPS 1 BUFFER_POOL DEFAULT FLASH_CACHE DEFAULT CELL_FLASH_CACHE DEFAULT)
  TABLESPACE "SYSTEM"  ENABLE;
--------------------------------------------------------
--  Constraints for Table RECIPE_2_TB
--------------------------------------------------------

  ALTER TABLE "MES_1"."RECIPE_2_TB" ADD PRIMARY KEY ("RE_NO")
  USING INDEX PCTFREE 10 INITRANS 2 MAXTRANS 255 COMPUTE STATISTICS 
  STORAGE(INITIAL 65536 NEXT 1048576 MINEXTENTS 1 MAXEXTENTS 2147483645
  PCTINCREASE 0 FREELISTS 1 FREELIST GROUPS 1 BUFFER_POOL DEFAULT FLASH_CACHE DEFAULT CELL_FLASH_CACHE DEFAULT)
  TABLESPACE "SYSTEM"  ENABLE;
--------------------------------------------------------
--  Constraints for Table PRODUCT_TB
--------------------------------------------------------

  ALTER TABLE "MES_1"."PRODUCT_TB" ADD CONSTRAINT "PRODUCT_TB_PK" PRIMARY KEY ("P_NO")
  USING INDEX PCTFREE 10 INITRANS 2 MAXTRANS 255 COMPUTE STATISTICS 
  STORAGE(INITIAL 65536 NEXT 1048576 MINEXTENTS 1 MAXEXTENTS 2147483645
  PCTINCREASE 0 FREELISTS 1 FREELIST GROUPS 1 BUFFER_POOL DEFAULT FLASH_CACHE DEFAULT CELL_FLASH_CACHE DEFAULT)
  TABLESPACE "SYSTEM"  ENABLE;
  ALTER TABLE "MES_1"."PRODUCT_TB" MODIFY ("P_NO" NOT NULL ENABLE);
--------------------------------------------------------
--  Constraints for Table COMMEND_TB
--------------------------------------------------------

  ALTER TABLE "MES_1"."COMMEND_TB" ADD CONSTRAINT "COMMEND_TB_PK" PRIMARY KEY ("C_NO")
  USING INDEX PCTFREE 10 INITRANS 2 MAXTRANS 255 COMPUTE STATISTICS 
  STORAGE(INITIAL 65536 NEXT 1048576 MINEXTENTS 1 MAXEXTENTS 2147483645
  PCTINCREASE 0 FREELISTS 1 FREELIST GROUPS 1 BUFFER_POOL DEFAULT FLASH_CACHE DEFAULT CELL_FLASH_CACHE DEFAULT)
  TABLESPACE "SYSTEM"  ENABLE;
  ALTER TABLE "MES_1"."COMMEND_TB" ADD CONSTRAINT "CHECK_C_STATUS" CHECK ( c_status IN ( '완료', '작업중' ) ) ENABLE;
  ALTER TABLE "MES_1"."COMMEND_TB" MODIFY ("C_O_NO" NOT NULL ENABLE);
  ALTER TABLE "MES_1"."COMMEND_TB" MODIFY ("C_NO" NOT NULL ENABLE);
--------------------------------------------------------
--  Constraints for Table CO_COMPANY_TB
--------------------------------------------------------

  ALTER TABLE "MES_1"."CO_COMPANY_TB" ADD CONSTRAINT "CO_COMPANY_PK" PRIMARY KEY ("CO_NO")
  USING INDEX PCTFREE 10 INITRANS 2 MAXTRANS 255 COMPUTE STATISTICS 
  STORAGE(INITIAL 65536 NEXT 1048576 MINEXTENTS 1 MAXEXTENTS 2147483645
  PCTINCREASE 0 FREELISTS 1 FREELIST GROUPS 1 BUFFER_POOL DEFAULT FLASH_CACHE DEFAULT CELL_FLASH_CACHE DEFAULT)
  TABLESPACE "SYSTEM"  ENABLE;
  ALTER TABLE "MES_1"."CO_COMPANY_TB" MODIFY ("CO_NO" NOT NULL ENABLE);
--------------------------------------------------------
--  Constraints for Table STORAGE_TB
--------------------------------------------------------

  ALTER TABLE "MES_1"."STORAGE_TB" ADD PRIMARY KEY ("ST_NO")
  USING INDEX PCTFREE 10 INITRANS 2 MAXTRANS 255 COMPUTE STATISTICS 
  STORAGE(INITIAL 65536 NEXT 1048576 MINEXTENTS 1 MAXEXTENTS 2147483645
  PCTINCREASE 0 FREELISTS 1 FREELIST GROUPS 1 BUFFER_POOL DEFAULT FLASH_CACHE DEFAULT CELL_FLASH_CACHE DEFAULT)
  TABLESPACE "SYSTEM"  ENABLE;
--------------------------------------------------------
--  Constraints for Table EMPLOYEE_TB
--------------------------------------------------------

  ALTER TABLE "MES_1"."EMPLOYEE_TB" ADD PRIMARY KEY ("E_NO")
  USING INDEX PCTFREE 10 INITRANS 2 MAXTRANS 255 COMPUTE STATISTICS 
  STORAGE(INITIAL 65536 NEXT 1048576 MINEXTENTS 1 MAXEXTENTS 2147483645
  PCTINCREASE 0 FREELISTS 1 FREELIST GROUPS 1 BUFFER_POOL DEFAULT FLASH_CACHE DEFAULT CELL_FLASH_CACHE DEFAULT)
  TABLESPACE "SYSTEM"  ENABLE;
  ALTER TABLE "MES_1"."EMPLOYEE_TB" ADD CONSTRAINT "CHECK_E_LEVEL" CHECK (e_level IN ('관리자', '직원')) ENABLE;
--------------------------------------------------------
--  Constraints for Table REQUEST_TB
--------------------------------------------------------

  ALTER TABLE "MES_1"."REQUEST_TB" ADD CONSTRAINT "REQUEST_TB_PK" PRIMARY KEY ("R_NO")
  USING INDEX PCTFREE 10 INITRANS 2 MAXTRANS 255 COMPUTE STATISTICS 
  STORAGE(INITIAL 65536 NEXT 1048576 MINEXTENTS 1 MAXEXTENTS 2147483645
  PCTINCREASE 0 FREELISTS 1 FREELIST GROUPS 1 BUFFER_POOL DEFAULT FLASH_CACHE DEFAULT CELL_FLASH_CACHE DEFAULT)
  TABLESPACE "SYSTEM"  ENABLE;
  ALTER TABLE "MES_1"."REQUEST_TB" MODIFY ("R_CO_NO" NOT NULL ENABLE);
  ALTER TABLE "MES_1"."REQUEST_TB" MODIFY ("R_NO" NOT NULL ENABLE);
--------------------------------------------------------
--  Constraints for Table METERIAL_TB
--------------------------------------------------------

  ALTER TABLE "MES_1"."METERIAL_TB" ADD CONSTRAINT "METERIAL_TB_PK" PRIMARY KEY ("M_NO")
  USING INDEX PCTFREE 10 INITRANS 2 MAXTRANS 255 COMPUTE STATISTICS 
  STORAGE(INITIAL 65536 NEXT 1048576 MINEXTENTS 1 MAXEXTENTS 2147483645
  PCTINCREASE 0 FREELISTS 1 FREELIST GROUPS 1 BUFFER_POOL DEFAULT FLASH_CACHE DEFAULT CELL_FLASH_CACHE DEFAULT)
  TABLESPACE "SYSTEM"  ENABLE;
  ALTER TABLE "MES_1"."METERIAL_TB" MODIFY ("M_NO" NOT NULL ENABLE);
--------------------------------------------------------
--  Constraints for Table ORDER_TB
--------------------------------------------------------

  ALTER TABLE "MES_1"."ORDER_TB" ADD CONSTRAINT "ORDER_TB_PK" PRIMARY KEY ("O_NO")
  USING INDEX PCTFREE 10 INITRANS 2 MAXTRANS 255 COMPUTE STATISTICS 
  STORAGE(INITIAL 65536 NEXT 1048576 MINEXTENTS 1 MAXEXTENTS 2147483645
  PCTINCREASE 0 FREELISTS 1 FREELIST GROUPS 1 BUFFER_POOL DEFAULT FLASH_CACHE DEFAULT CELL_FLASH_CACHE DEFAULT)
  TABLESPACE "SYSTEM"  ENABLE;
  ALTER TABLE "MES_1"."ORDER_TB" MODIFY ("O_CU_NO" NOT NULL ENABLE);
  ALTER TABLE "MES_1"."ORDER_TB" MODIFY ("O_NO" NOT NULL ENABLE);
--------------------------------------------------------
--  Constraints for Table MAKE_LOG
--------------------------------------------------------

  ALTER TABLE "MES_1"."MAKE_LOG" ADD PRIMARY KEY ("ML_NO")
  USING INDEX PCTFREE 10 INITRANS 2 MAXTRANS 255 COMPUTE STATISTICS 
  STORAGE(INITIAL 65536 NEXT 1048576 MINEXTENTS 1 MAXEXTENTS 2147483645
  PCTINCREASE 0 FREELISTS 1 FREELIST GROUPS 1 BUFFER_POOL DEFAULT FLASH_CACHE DEFAULT CELL_FLASH_CACHE DEFAULT)
  TABLESPACE "SYSTEM"  ENABLE;
--------------------------------------------------------
--  Ref Constraints for Table RECEIVE_TB
--------------------------------------------------------

  ALTER TABLE "MES_1"."RECEIVE_TB" ADD CONSTRAINT "RECEIVE_TB_REQUEST_TB_FK" FOREIGN KEY ("RC_R_NO")
	  REFERENCES "MES_1"."REQUEST_TB" ("R_NO") ON DELETE CASCADE ENABLE;
--------------------------------------------------------
--  Ref Constraints for Table FORWARD_TB
--------------------------------------------------------

  ALTER TABLE "MES_1"."FORWARD_TB" ADD CONSTRAINT "FORWARD_TB_ORDER_TB_FK" FOREIGN KEY ("F_O_NO")
	  REFERENCES "MES_1"."ORDER_TB" ("O_NO") ON DELETE CASCADE ENABLE;
--------------------------------------------------------
--  Ref Constraints for Table REQUEST_DETAIL_TB
--------------------------------------------------------

  ALTER TABLE "MES_1"."REQUEST_DETAIL_TB" ADD FOREIGN KEY ("R_DE_NO")
	  REFERENCES "MES_1"."REQUEST_TB" ("R_NO") ON DELETE CASCADE ENABLE;
  ALTER TABLE "MES_1"."REQUEST_DETAIL_TB" ADD FOREIGN KEY ("R_DE_M_NO")
	  REFERENCES "MES_1"."METERIAL_TB" ("M_NO") ON DELETE CASCADE ENABLE;
--------------------------------------------------------
--  Ref Constraints for Table RECIPE_2_TB
--------------------------------------------------------

  ALTER TABLE "MES_1"."RECIPE_2_TB" ADD CONSTRAINT "M_NO_RE_M_NO_2_FK" FOREIGN KEY ("RE_M_NO_2")
	  REFERENCES "MES_1"."METERIAL_TB" ("M_NO") ON DELETE CASCADE ENABLE;
  ALTER TABLE "MES_1"."RECIPE_2_TB" ADD CONSTRAINT "PRO_NO_RE_PRO_NO_FK1" FOREIGN KEY ("RE_PRO_1")
	  REFERENCES "MES_1"."PROCESS_2_TB" ("PRO_NO") ON DELETE CASCADE ENABLE;
  ALTER TABLE "MES_1"."RECIPE_2_TB" ADD CONSTRAINT "PRO_NO_RE_PRO_NO_FK2" FOREIGN KEY ("RE_PRO_2")
	  REFERENCES "MES_1"."PROCESS_2_TB" ("PRO_NO") ON DELETE CASCADE ENABLE;
  ALTER TABLE "MES_1"."RECIPE_2_TB" ADD CONSTRAINT "PRO_NO_RE_PRO_NO_FK3" FOREIGN KEY ("RE_PRO_3")
	  REFERENCES "MES_1"."PROCESS_2_TB" ("PRO_NO") ON DELETE CASCADE ENABLE;
  ALTER TABLE "MES_1"."RECIPE_2_TB" ADD CONSTRAINT "PRO_NO_RE_PRO_NO_FK4" FOREIGN KEY ("RE_PRO_4")
	  REFERENCES "MES_1"."PROCESS_2_TB" ("PRO_NO") ON DELETE CASCADE ENABLE;
--------------------------------------------------------
--  Ref Constraints for Table ORDER_DETAIL_TB
--------------------------------------------------------

  ALTER TABLE "MES_1"."ORDER_DETAIL_TB" ADD FOREIGN KEY ("O_DE_NO")
	  REFERENCES "MES_1"."ORDER_TB" ("O_NO") ON DELETE CASCADE ENABLE;
  ALTER TABLE "MES_1"."ORDER_DETAIL_TB" ADD FOREIGN KEY ("O_DE_P_NO")
	  REFERENCES "MES_1"."PRODUCT_TB" ("P_NO") ON DELETE CASCADE ENABLE;
--------------------------------------------------------
--  Ref Constraints for Table COMMEND_TB
--------------------------------------------------------

  ALTER TABLE "MES_1"."COMMEND_TB" ADD CONSTRAINT "COMMEND_TB_EMPLOYEE_TB_FK" FOREIGN KEY ("C_E_NO")
	  REFERENCES "MES_1"."EMPLOYEE_TB" ("E_NO") ON DELETE CASCADE ENABLE;
  ALTER TABLE "MES_1"."COMMEND_TB" ADD CONSTRAINT "COMMEND_TB_ORDER_TB_FK" FOREIGN KEY ("C_O_NO")
	  REFERENCES "MES_1"."ORDER_TB" ("O_NO") ON DELETE CASCADE ENABLE;
--------------------------------------------------------
--  Ref Constraints for Table REQUEST_TB
--------------------------------------------------------

  ALTER TABLE "MES_1"."REQUEST_TB" ADD CONSTRAINT "REQUEST_TB_CO_COMPANY_FK" FOREIGN KEY ("R_CO_NO")
	  REFERENCES "MES_1"."CO_COMPANY_TB" ("CO_NO") ON DELETE CASCADE ENABLE;
  ALTER TABLE "MES_1"."REQUEST_TB" ADD CONSTRAINT "REQUEST_TB_EMPLOYEE_TB_FK" FOREIGN KEY ("R_E_NO")
	  REFERENCES "MES_1"."EMPLOYEE_TB" ("E_NO") ON DELETE CASCADE ENABLE;
--------------------------------------------------------
--  Ref Constraints for Table ORDER_TB
--------------------------------------------------------

  ALTER TABLE "MES_1"."ORDER_TB" ADD CONSTRAINT "O_CU_FK" FOREIGN KEY ("O_CU_NO")
	  REFERENCES "MES_1"."CU_COMPANY_TB" ("CU_NO") ON DELETE CASCADE ENABLE;
--------------------------------------------------------
--  Ref Constraints for Table MAKE_LOG
--------------------------------------------------------

  ALTER TABLE "MES_1"."MAKE_LOG" ADD CONSTRAINT "MAKE_LOG_FK1" FOREIGN KEY ("ML_E_NO")
	  REFERENCES "MES_1"."EMPLOYEE_TB" ("E_NO") ON DELETE CASCADE ENABLE;
  ALTER TABLE "MES_1"."MAKE_LOG" ADD CONSTRAINT "ML_COMMEND_FK" FOREIGN KEY ("ML_C_NO")
	  REFERENCES "MES_1"."COMMEND_TB" ("C_NO") ON DELETE CASCADE ENABLE;
  ALTER TABLE "MES_1"."MAKE_LOG" ADD CONSTRAINT "ML_METERIAL_FK3" FOREIGN KEY ("ML_M_NO")
	  REFERENCES "MES_1"."METERIAL_TB" ("M_NO") ON DELETE CASCADE ENABLE;
  ALTER TABLE "MES_1"."MAKE_LOG" ADD CONSTRAINT "ML_PRO_FK" FOREIGN KEY ("ML_PRO_NO")
	  REFERENCES "MES_1"."PROCESS_2_TB" ("PRO_NO") ON DELETE CASCADE ENABLE;
